id,decimallongitude,decimallatitude,date_year,depth,sst
983f3c17-d7c3-44b3-a25b-8aec6fd81580,143.4763,-11.6995,1993.0,,27.0
d73cbb07-d13d-4c4f-ba36-b0724324828b,143.5118,-11.6512,1994.0,,27.02
d4a9f74f-4e00-4b17-8c7c-7ea9aae4273f,143.6798,-11.5883,1993.0,,27.02
2591a6c9-5888-46e0-8b34-b240ca671d53,143.9,-11.15,1992.0,33.0,27.19
6fd033b4-1bec-49a7-8882-d643db882499,143.5518,-11.617,1994.0,18.5,27.02
c87e8a9d-d4cc-4204-89d5-0d0c392e98dd,116.08,-20.54083,1988.0,30.5,26.17
885851f7-7123-4094-9c64-211d71cec7db,115.85917,-20.66833,1988.0,22.5,26.04
9380e685-5a8e-4cd9-a8f0-66e8690d347b,145.395833333,-15.6919444444,1981.0,,26.2
a329dcb2-42a2-43d1-801d-020a490bdbd2,145.5,-14.6666666667,1981.0,,26.6
a5cb23e4-f8af-4b89-91de-a86c1e9cf2f3,178.385555556,-18.1394444444,1983.0,,27.1
47176a05-462f-4b88-ad10-3237dc24d6c8,178.389166667,-18.1441666667,1983.0,,27.1
57921ed7-1ef7-4d26-b299-3c64aa290baf,134.57525,7.35669,2004.0,,29.21
a39b3061-8ee7-4d76-99af-636567deb8af,134.539833333,7.26694444444,2004.0,,29.22
d213c87e-b6a9-48fa-b5ad-d7010475c469,131.740183333,2.87448333333,2008.0,,29.41
38bc0393-d195-4357-ae17-e0f070b5e351,33.8322,27.1219,2011.0,5.75,
619e3ab9-9f8e-490d-8fee-80eeac93b857,144.79634,13.51442,2011.0,10.0,28.92
5d3690d7-cb27-4a5e-9479-117185ce6d0b,127.713,26.4415,2013.0,14.93522987045975,25.07
97ae4317-c419-48e1-896e-3fadf76b129d,33.8257,27.3047,2012.0,5.5,25.37
9ac881a1-5793-495b-921f-407af809b3cd,144.76399,13.48827,2011.0,10.0,28.93
483e8a0c-ca82-4923-9227-f60e56bc73a8,123.401,9.95566,2012.0,8.25,28.59
65e8c5e9-e528-4124-878d-1ff3e0c3e436,34.4662,28.0018,2006.0,12.5,25.43
f6605f87-611b-4f94-878f-e81adf58812b,73.4895,3.94089,2008.0,15.3,28.99
ca1a1793-13f7-4e42-8ef6-7c94e3708410,145.8051,-15.64817,2006.0,,26.52
70752cde-81dc-40cb-8f40-059ec8daf103,145.80415,-15.60715,2006.0,,26.52
4d078c24-8f4b-4c1f-82bf-0e0d720eb058,106.573,-6.05862,2014.0,8.45,29.1
5ef88923-4041-4dba-a049-f11389e61b06,115.594,-8.277,2014.0,5.0,28.56
143a05e5-0c15-48cf-adcd-c4f7f0ebae7a,34.4326,25.8486,2014.0,9.75,25.81
c31dbc6b-8e7a-451c-a221-bb407acfb249,106.617,-5.75,2013.0,8.5,29.12
13e2bf57-c9aa-4b05-882b-5a5bd879e540,73.5346,4.24139,2012.0,10.5,28.98
876ef773-6681-4943-b2bb-faa8d01cac7e,123.401,9.95566,2012.0,10.0,28.59
b1c3eed2-c858-4b6e-8a37-3e40c3ed4c6a,73.5361,1.97725,2007.0,8.8,29.19
c0bfbae2-822f-46f9-9d7d-7a89351d0ed4,178.107,-18.3698,2010.0,7.46761493522985,27.17
2182f7f5-a507-46ee-ba0e-9ba6255c13a2,120.188,12.0772,2012.0,11.5,
edc2154d-0157-4c86-9218-267633704c00,33.8106,27.1856,2003.0,8.5,25.42
c36e6191-0e02-4192-aaf4-ef6aee929ef9,178.091,-18.3912,2010.0,9.6012192024384,27.17
f30db7d3-082a-4426-b1fe-57bc42c5ffab,178.218,-17.2525,2010.0,10.66802133604265,27.39
5ac0b9c2-8e1a-4800-8272-c7f1ddd51483,72.9507,4.00579,2007.0,12.5,28.99
7cee0cb7-6be6-4d8d-8aca-81d64e082eb2,72.8603,4.07867,2007.0,13.5,28.99
003434d8-d8d4-457a-8589-5604f64b9d32,115.662,-8.33677,2014.0,8.1,
3af22ada-aea0-4ce0-aacc-9fdb5698d4bf,39.3364,-5.84439,2001.0,8.0,27.4
3b0fcc36-3f3f-4b4e-accd-ccc42a90a338,33.8356,27.2697,2013.0,16.5,25.42
f2fc6b94-83f2-45a2-893e-10e67000a656,72.7274,3.88565,2002.0,6.0,29.02
4edaea0b-a9d3-4f2f-a2af-cec8ee1800bd,35.711,24.1587,2008.0,7.5,26.84
4aed44fe-a1ba-4f91-bda7-d3bc8750ddd1,72.811,4.20113,2007.0,12.3,29.0
ed6bfd2c-0ecd-4f72-99c1-d02f146ee503,115.593,-8.27535,2013.0,9.0,28.56
5157f809-a204-443b-948f-053bb9f6ea02,115.589,-8.29321,2013.0,9.0,28.56
c41f30ec-e854-4e9b-84bc-7d21f514a127,33.8633,27.0883,2011.0,3.9,25.59
d9f9be07-bd11-43d6-9934-9758244abe2e,33.8633,27.0883,2011.0,4.5,25.59
6e3684fb-4ffb-4070-8dd4-89acf24957b1,123.799,9.59869,2012.0,5.4,28.52
2fb25f9e-6b11-46be-831b-f3ecc019a423,115.662,-8.33677,2009.0,6.0,
70bea499-a1ff-4717-a49b-0bf681ead129,33.9155,27.3608,2013.0,20.0,25.41
6d144626-2ac3-4b2b-be6e-6d461118b68e,33.8356,27.2697,2005.0,6.0,25.42
fe7923ef-db3d-4255-821e-c085b83ee0b6,120.826,13.6995,2013.0,9.85,28.25
ee5f5377-10f0-438a-abd5-bfd22cbb9c5b,33.8729,27.5576,2012.0,6.85,25.19
8e075490-22aa-40ac-965a-e9f870af1447,34.521,28.5549,2012.0,8.4,24.75
524e90d8-90d9-4ab0-8831-a87c93ea7cae,98.7757,7.74348,2010.0,9.0,29.44
33e930d8-5227-4bb8-8129-1c486cbf49e3,34.3391,27.9034,2013.0,7.95,25.79
8e6a1a84-63cb-48ef-9f10-e29053dac7e8,73.0071,4.32022,2012.0,7.0,28.98
439bf31f-cd5d-4c7b-9157-8de213315753,109.295,12.1829,2012.0,4.25,27.29
578802f5-9661-4e41-8084-c496b305e318,98.367,7.59106,2011.0,7.5,29.35
c3a249b4-8354-4e0c-9b66-448fe8056e68,98.367,7.59106,2010.0,7.0,29.35
de9adcf2-22b2-426c-8778-083f4d7b4ce2,33.9086,27.2243,2012.0,6.0,25.52
91b363cb-605b-4e96-ba5d-8ac7bc94c0e2,33.8113,27.4467,2007.0,7.0,25.26
1551cd8c-73c0-4530-841d-cef71f78aa6b,33.8977,27.2256,2012.0,6.0,25.52
4672215c-3827-467a-855a-36ba3bbbc3df,34.7765,25.3474,2004.0,7.5,26.08
b48005a8-e432-47b3-b7db-c44b2905d5c1,34.3946,27.9502,2010.0,10.0,25.65
da58b613-a121-43fe-a1a2-5f26eba52aa1,34.3946,27.9502,2010.0,6.6,25.65
7e30075d-177d-4987-b0ae-748f751c891c,33.9208,27.8133,2010.0,14.9,25.23
cc79aa05-0953-4ea2-a03c-cd0d79a94d85,34.5187,28.4989,2011.0,5.0,24.81
84e179bd-e086-4623-84e7-e74458d25a52,33.9749,27.134,2011.0,7.0,25.6
d74299cb-ab92-4bfb-a851-e5635dc593f1,114.17,-21.7701,2002.0,6.5,25.48
53c9a795-2aac-461e-a204-c0a5d2f7c165,6.46667,43.05,2008.0,7.0,18.13
39526ee0-608d-4904-bc4f-07b0d4f0fb93,33.7773,27.539,2007.0,5.4,25.13
567b9cac-6a67-4bbf-9121-e8a416f86741,115.514,-8.53005,2012.0,10.0,28.15
daea6781-70bc-41c4-879f-be5b739f1673,33.9208,27.8133,2012.0,12.25,25.23
cd2a7c39-eafc-4ef1-bfdf-8af800d3c5ca,55.4653,-4.73919,2012.0,6.0,28.06
c67d9e59-8750-47ec-9ac6-54bddef7963f,55.3973,-4.69772,2012.0,11.5,28.06
5e85cc0c-bc42-4b45-86d6-86578b07e64e,55.3973,-4.69772,2012.0,12.0,28.06
61e81fc2-dd7b-404d-af01-ec1fa97f47c4,34.4532,27.9845,2012.0,11.3,25.68
8e187edd-2173-443b-9c2d-84c28e22a802,33.9303,27.5813,2012.0,13.0,25.31
c467b994-043d-414c-be86-a329e2eaed35,115.584,-8.53273,2012.0,10.0,28.21
aea7a8d6-672d-41f8-a605-f0f7fec7dd04,118.708,4.17761,2012.0,10.0,29.15
b236deb1-22b4-44fa-83c1-64f554289f5a,118.632,4.24892,2012.0,6.0,29.15
003ead84-0d29-4c5e-9b83-edaa48a903fd,34.3019,27.8473,2008.0,6.0,25.61
379c8409-1daa-4fca-b1ee-c7efb3a9ee4a,57.5872,-19.982,2012.0,10.0,25.94
a1810395-2184-4437-b7aa-e96758a65d74,153.15,-26.6246,2012.0,12.4,23.2
46facae5-37fb-40df-8a19-463554b0d937,55.4653,-4.73919,2012.0,6.0,28.06
669cbb29-6e00-4066-8d3e-53d01a1d7954,55.4653,-4.73919,2012.0,6.0,28.06
7d485f0e-80ce-436f-b620-d6ca6753586e,33.8542,27.4089,2012.0,7.0,25.41
8c486634-9b36-4f6f-af3b-6cbfe95752e0,94.2726,16.8879,2012.0,5.44,28.39
3bba6595-19bd-41a7-b56e-580aad96061f,34.2585,27.7252,2011.0,13.1,25.8
712ef2b6-d214-4353-9d8d-6294de2f574b,125.5,-8.55672,2012.0,9.0,28.48
f7c7c4f5-aa9f-481c-a58a-55611e91b898,57.5872,-19.982,2012.0,10.455,25.94
f97a5767-c065-411e-b0aa-40ff7afb6946,57.5656,-19.9895,2012.0,6.96,25.96
2d29aff1-7fb2-46c3-963f-7a987e6185af,102.74,5.90646,2012.0,7.9,29.32
8b524d32-ade7-4aed-b053-9dc8e1bb25ee,102.686,5.8703,2012.0,9.3,29.32
cf520a6d-af42-4b50-8e13-ac3a4972e939,34.3139,27.8472,2011.0,12.8,25.61
f6fb647e-3318-446f-9a5e-699e2d952dbd,115.66,-8.33752,2014.0,8.85,
d05b1972-54c1-401d-8a0c-704c5744bde1,34.8949,29.4926,2014.0,4.75,24.34
7fdb31c6-5b9a-43ef-8e29-8b1af4517df5,72.9021,3.5788,2014.0,6.0,29.02
9075fff5-615c-4ded-bc86-5febe9f0859f,73.0368,3.21529,2011.0,5.5,29.04
0a6276f4-8162-4230-945b-93588506b46e,73.0368,3.21529,2011.0,11.0,29.04
994b7c6e-a0d4-4af0-a2ac-228b29aefc0d,33.9079,27.3099,2005.0,12.15,25.42
501bb65f-c422-43fd-9c98-5e9bc4596ad3,48.6513,28.6813,2002.0,5.0,25.51
b1ef2a1a-66ab-47a0-901a-4ebe99de9654,109.313,12.1714,2011.0,8.1,27.29
04437de7-7079-4e1c-b8de-a7c37bfee044,34.4532,27.9845,2008.0,15.0,25.68
93c9350c-7025-4154-8dd3-3cda5dc5ca24,73.2207,3.20278,2007.0,12.0,29.04
334885e6-6026-47e9-be3e-9162fed468ed,33.9933,26.8102,2011.0,15.0,25.65
c4525ca2-6940-49f1-9f8c-b2b104972c93,33.9218,26.9667,2009.0,7.5,25.66
2bb280bf-eaa1-433c-9aa2-f5a05c3f3133,34.0731,26.5136,2011.0,6.0,25.66
538325dc-08fb-4222-8f5c-902e65073897,34.0731,26.5136,2011.0,8.0,25.66
d03de78d-6459-4219-a452-66843732d006,39.755,-4.01999,2012.0,3.0,27.23
b247b8be-1f7d-4e65-98be-066657ace536,31.0125,30.7749,2011.0,7.5,
6a9a42f1-45a1-4df0-aaf2-d5d8c9b5d6c3,34.5197,28.4991,2011.0,5.65,24.81
bf076e66-4359-4e5e-972b-e6bd04065694,33.9849,26.8251,2013.0,11.58,25.65
76c3d16c-9b4d-4fb3-a9e1-66b8dc9f1437,134.109,-0.87095,2011.0,11.0,29.48
0cc5298d-9844-401d-9ca3-2caa022144c7,34.5238,28.5574,2012.0,7.6,24.75
470c9201-fff5-4fd6-8355-1cbcd55c959a,34.4133,25.9024,2014.0,8.0,
9261c979-7d05-4645-a133-ffd92afb2e14,33.9535,27.1399,2013.0,5.79,25.6
42fbbc7a-9330-4b55-baec-c3c8156a4c85,146.059,-16.417,2013.0,9.0,26.51
7460483f-c66e-4cc0-8c19-8c61e43c4af3,92.6984,11.9676,2013.0,7.15,28.86
eddc414e-b969-4996-a3f7-1d7c215edeba,120.895,13.68,2013.0,9.1440182880366,28.22
d3265449-5db8-484c-aa0b-42e7c844f5dc,106.743,8.68574,2013.0,10.7,28.1
7fd41862-7a48-468a-98f2-310b303ea64d,106.74,8.69912,2013.0,9.3,28.1
8b8d2f1f-b6d0-44e5-bfca-7bd0ae1a1827,34.1086,26.6531,2013.0,13.41,25.66
112e61f1-7077-4295-ae3e-06521c87a2e4,34.8612,25.3111,2013.0,14.785,26.1
958eec52-ad1a-43e6-b3a0-fdf154e455e3,34.4197,25.8689,2013.0,7.165,25.81
f0bb702c-e725-4d68-b661-4056a4f6b971,34.3203,27.8622,2003.0,5.5,25.61
d100d91d-8831-490b-a6ac-4a0c47a46450,34.2823,27.6431,2011.0,12.0,25.77
7994f650-e7d2-420f-92ad-4e92f2860f7b,73.5123,5.3747,2012.0,11.0,28.91
47d1c749-969a-49cc-9afa-22af6efd8fb0,123.674,9.5099,2011.0,13.5,28.52
31e64e25-e7a2-46f9-8665-1a8f7a820efd,33.9368,26.7763,2012.0,9.25,25.65
abc5ae31-13dd-414e-bcab-8b53b8c61325,33.9833,26.8167,2012.0,8.5,25.65
948422c2-b91e-441e-97dc-389e43a7fece,34.6952,25.4176,2006.0,6.55,26.03
abdc3664-5511-45e1-a456-a01cb8b556dc,34.4962,28.479,2004.0,4.25,24.83
aa0e9440-2064-440d-87be-898b362a13b5,34.4962,28.479,2004.0,5.8,24.83
d65d2712-ed08-45fd-8972-5dfea22b3cee,34.3578,27.9159,2006.0,10.0,25.79
954c86b7-23fc-437d-bebe-45b2adcdb828,33.8879,27.2674,2011.0,7.0,25.42
8b09fd9a-1d54-4fbb-b974-0f9c3e4a2e8a,34.8612,25.3111,2004.0,18.4,26.1
70041ff5-c575-4f3d-9e7c-f5a192184380,34.5197,28.4991,2011.0,7.0,24.81
71c62121-a74a-47b2-87bd-8b76f8197ff7,117.492,-8.26578,2000.0,10.5,28.66
8141b007-c0db-4715-9a04-f616ab7a8d19,34.9404,24.9645,2004.0,14.7,26.26
5b62b2ef-38a2-43d0-a5df-43d745268abb,34.9404,24.9645,2004.0,9.35,26.26
e8ce6281-6648-41da-9cbe-2e3ac2b1365c,34.5197,28.4991,2012.0,6.0,24.81
f01097cc-335d-4c04-baa1-80588c375fb3,109.313,12.1714,2011.0,9.3,27.29
9b95cf5c-6d32-40bb-a8d8-ba3d57e188f8,34.5197,28.4991,2011.0,5.0,24.81
1af33126-da02-4ff2-836f-392b69c9ca56,34.5197,28.4991,2012.0,9.0,24.81
972b47c5-5ded-4995-b2af-abfbe94958aa,34.5197,28.4991,2012.0,4.5,24.81
09aed680-851f-4713-b704-bd78c0276612,34.5208,28.5548,2012.0,9.15,24.75
b9d7f662-77ae-4014-8f31-0a69fd6c234f,116.029,-8.33546,2012.0,9.0,28.61
22f9860a-82b4-4f90-bb1d-b4fb7d63e2ac,116.049,-8.35197,2012.0,9.0,28.61
e401cf76-568f-44f8-85fe-f1c9e004c42f,33.9841,27.1631,2011.0,3.0,25.6
41f1a00d-a88e-4d81-a5ea-1b0fb91511c2,33.9535,27.1399,2011.0,15.0,25.6
6cd7760d-3aac-4023-a4f4-3ff900c3a54f,34.5127,28.4773,2004.0,8.0,24.81
e5f98707-5ac5-44f8-aea3-a2f34e364719,34.4587,28.4374,2004.0,12.0,24.83
803f84a8-e954-474d-93cf-c375299f1c8b,33.9208,27.8133,2013.0,12.2,25.23
cf6b5881-5ddb-4fca-b762-9be49c075feb,34.973,29.43,2013.0,12.5,24.34
98c3f5fd-1f6d-4333-a0ea-dd72b9f96f7d,118.835,9.95412,2013.0,11.0,28.89
8ff243f0-b73b-47f8-a938-9f11a913bd22,72.8028,3.48326,2006.0,9.25,29.03
74c751a4-dc5d-4db9-9f8a-4e5d7cc116a6,34.3578,27.9159,2011.0,6.0,25.79
0e11d560-9706-4dc4-8ec6-622a9b0e5593,34.4285,27.9735,2012.0,9.05,25.68
ddbfc44f-ae4c-4220-987b-8415df995462,124.75,1.61667,2012.0,9.0,29.19
bf6f4e30-4c9a-4a95-8cd4-92ac0e8a9754,124.766,1.60757,2012.0,9.45,29.19
bc6881c2-2929-44b8-ab44-6a97add18b30,34.2611,27.792,2009.0,9.0,25.67
2c95377f-7ce0-4021-b826-14ae55e75be5,118.692,4.20363,2012.0,5.0,29.15
e09d86d8-af93-4ef6-849a-f49905839307,34.5127,28.4773,2012.0,12.5,24.81
f8f44bc5-0147-4733-bce0-0c3e4981875c,116.072,-8.36212,2014.0,11.15,28.61
cf49f0a1-4d2a-4aa5-822a-4cdcbda4b6b2,118.632,4.1944,2014.0,14.5,29.15
9e5615ff-3cad-4f29-b17c-9644fc74efd9,34.3481,27.9082,2014.0,8.0,25.79
b722ad92-1311-4fb0-b630-ead428db7645,115.22,-8.73361,2012.0,3.7,27.7
136eca64-052c-4b7d-ae76-b9b01b070bcb,124.765,1.60122,2014.0,7.5,29.19
c16eedaa-47b8-43dc-9964-90ad5f07c28f,124.768,1.59622,2014.0,11.0,29.19
52e3fc43-1eed-422f-a0da-92ddc932e855,34.3588,27.9154,2000.0,10.0,25.79
2246914b-39ec-44b5-a533-0e9b63205b98,34.4714,28.0059,2000.0,11.5,25.43
6582538a-e817-4c6a-98d0-5e7eb0f52d0b,34.4603,27.9906,2000.0,10.0,25.68
44ed68cf-dbc1-46a7-a0b4-7e55d4a2a31b,34.3139,27.8472,2000.0,7.5,25.61
98418945-10cd-44f0-8d1d-dd73aeb74d64,116.029,5.9934,2014.0,9.8,29.21
f4bb1d78-12db-4e7c-a664-bb52991f8f9f,116.002,6.02684,2014.0,9.4,29.2
cebd5bea-ea23-4c1a-a4f8-afaa6adc88ef,72.9736,4.10201,2007.0,12.95,28.99
498f08dd-0ce5-4051-a456-89caf58b915f,34.3277,27.9095,2000.0,7.5,25.61
8e2740e2-c161-4293-b1b7-ed8a02c8c87b,34.3277,27.9095,2000.0,7.0,25.61
bf1a5f3d-8fd3-4c08-84b0-a6171128330e,120.038,11.9463,2014.0,12.0,28.81
a8752dbd-6718-46d1-be71-fa27d5b5b784,120.016,11.9785,2014.0,4.0,28.81
3ec58d2e-f7e8-466b-95f4-7555da91ba33,34.3387,27.9128,2000.0,6.0,25.79
c1d532de-e87b-462c-811a-0c9dee53488a,57.5332,-20.0352,2001.0,12.2,25.94
39da207c-fa04-4a44-8303-f63a62aca2fb,34.9688,29.4439,2014.0,7.0,24.34
cc609195-75e8-469c-97d7-3a1cb235fb9a,34.2625,27.7921,2004.0,10.0,25.67
d2ba13f0-05db-414f-8d6f-9c0308ce810e,34.9694,29.4423,2014.0,10.0,24.34
64b17ccc-84c9-4800-ad2c-d7b9980c5cc6,56.351,25.6031,2004.0,7.15,28.36
0889aa73-128a-4b89-9d06-1b6eb2741340,72.862,4.09117,2007.0,9.6,28.99
e62ba579-df22-4f25-b144-d364bd4f9f4d,34.3358,27.9153,2012.0,5.0,25.79
45181891-483c-460c-b9f2-d63276201301,98.3751,7.59967,2011.0,9.55,29.35
65067dd5-5dd2-43c5-aee0-60ac1af307b9,34.5197,28.4991,2014.0,15.0,24.81
de05306f-bc7b-4f3d-890f-4396495b098c,34.3358,27.9153,2012.0,5.75,25.79
5022796d-ac9f-41ea-833a-b2b7f38fee1d,34.3358,27.9153,2012.0,5.0,25.79
faedd18b-e71c-4b6b-8cf1-dc7be7d9fd29,34.2458,27.74,2012.0,9.0,25.62
4a45ed75-52d1-42ba-ba59-00977d58c948,34.3588,27.9154,2012.0,7.15,25.79
925fd7fe-d5a1-4857-8560-cb44aa62224d,39.3364,-5.84439,2001.0,12.5,27.4
9910833f-0f73-4636-9496-b6ab7ef235b0,113.72,4.2674,2013.0,7.0,29.12
3f28c939-910f-4dac-92df-ad845871b104,113.742,4.22905,2013.0,7.15,29.12
c1e68d22-62fc-4c1b-88b3-a08ad4ab5b3c,123.683,9.51246,2013.0,10.5,28.52
4f79a593-66f4-4bf6-bae2-0e64c46d2196,123.799,9.59869,2013.0,9.0,28.52
b2e26920-242c-489f-bb23-720c2506d137,114.13,-21.8729,2006.0,3.5,25.39
08ab6713-15a2-4161-b290-1bf2930d35e6,73.45,5.55,2001.0,6.0,28.88
99f3d0c5-9e89-4756-a507-167f126d9686,30.8025,26.8206,2013.0,6.55,
d91b893c-ddd0-4ee5-a2b2-bf32d912445b,33.8579,27.2316,2013.0,15.0,25.52
27d2cdd1-9d19-4de6-880b-28d03880514d,177.167,-17.85,2009.0,6.45,27.83
1f411a04-cdc9-4035-9978-4145f8351b7f,113.826,-7.69433,2013.0,2.2,29.05
5f641102-9f25-437b-9205-0c93a19c0b11,33.9849,26.8251,2012.0,10.0,25.65
908c689b-4712-446f-a076-9d89e1ff5d52,33.9789,27.1586,2013.0,15.0,25.6
242b5ee8-7875-4d1d-b468-466efd6d332a,33.8835,27.1412,2013.0,6.0,25.59
2d28110a-184a-4899-b34a-9990c382332b,145.986,-16.9326,2013.0,4.6,26.15
eb45c25b-07ba-4a64-be85-0d1c5434a2be,116.032,-8.33498,2012.0,6.0,28.61
b636f6d6-29da-4c85-bab8-fb232d645815,33.8482,27.2107,2006.0,9.5,25.52
fd236d1d-4eca-4702-b343-ec1f0b81303d,72.7053,6.40979,2000.0,10.0,28.94
f405fe60-6b38-45a9-b511-f6149c610c6a,72.7053,6.40979,2000.0,12.5,28.94
3fcfac2e-25e0-452a-b46f-bd033f3886d8,127.739,26.3597,2013.0,5.33401066802135,25.08
d8ee79a3-8585-453e-9b22-29fc305e599f,33.8567,27.0905,2004.0,6.5,25.59
8c5d30ca-4223-46ca-bb0b-4066ba65af9c,34.9717,29.4551,2013.0,15.0,24.34
84d7b23b-cf8e-49b5-9b3c-364e39ec27f0,125.242,1.49678,2013.0,13.1,28.89
dc1c9a53-4f5e-4b1e-b0fb-9d1f862b9a85,34.5197,28.4991,2012.0,9.0,24.81
5d67721e-0bcb-471e-b77b-90c7c3b7bd1d,33.8116,27.2579,2013.0,4.85,25.37
6b17eb76-b093-4048-a1d0-af3eed5487f1,34.6952,25.4176,2012.0,6.0,26.03
cfddf3c2-cf99-4679-a560-28ad3f067b7e,34.6952,25.4176,2012.0,5.5,26.03
ff916d71-9938-4e31-975c-9b14f19afd6a,33.8257,27.3047,2013.0,21.8,25.37
fa0b3a0b-8224-4558-b158-4e4d8df886d1,33.8977,27.2256,2013.0,9.65,25.52
6696da9e-18a8-43a6-94cf-e8e6ccc4c6e8,33.8977,27.2256,2013.0,6.0,25.52
9f144902-ddbe-4064-8a00-ae5e0654e817,153.629,-28.6114,2013.0,9.0,23.31
56c0f7ca-4812-409f-aa82-ceca399d5574,34.5187,28.4989,2013.0,5.95,24.81
5cc310c9-1abd-4d79-bc53-2c83331aa740,119.372,11.064,2013.0,8.55,28.78
3efbdc94-da57-488b-8019-f767879236c2,33.8257,27.3047,2013.0,7.6,25.37
efa4a72e-74e1-4246-8031-bd7569b534b5,98.3307,7.98431,2013.0,9.65,
e70ef877-24cb-4799-830d-20e809ba4861,115.514,-8.52967,2013.0,11.45,28.15
d7571ac8-0532-4d66-ba6a-52d68c00d554,32.691,-27.535,2013.0,14.0,24.67
27d97f86-9c29-47f5-adc4-5a2a7da1348d,119.315,11.1505,2013.0,6.4,28.8
a62dee4d-3f5d-4ec5-b768-fe3768380f74,146.268,-16.7296,2012.0,9.0,26.56
1746489b-d3b2-40a8-bbe2-fd1698a704c0,121.774,12.8797,2013.0,6.0,28.42
b71c9d23-2008-450e-aae0-fcc75c7a2da8,120.253,14.7679,2013.0,9.0,
fe60364a-80fe-4e41-b083-020e413c7c40,102.743,5.88084,2013.0,8.1,29.32
fb98d661-ab8f-41c2-9413-afe745e09289,39.7511,-3.99784,1987.0,4.5,27.21
725ac9f0-b1bd-4b9f-b8e8-63418dff322a,178.094,-18.3754,2010.0,8.99161798323595,27.17
6c8e48c6-b2fc-41c1-8e16-5ffa2e9e3f79,98.767,7.657,2010.0,9.0,29.44
1f4e3d60-e028-4996-aa84-cd42d68727b4,98.0983,9.33932,2013.0,12.8016256032512,29.05
5e9ba7db-b34c-4adf-9cf7-3a5fe44fe203,92.9767,12.0071,2013.0,12.8,28.87
ff3fddb4-5dcb-403d-9c00-71f566de0003,33.9515,27.1675,2012.0,6.0,25.58
9b1720f1-5cfa-4234-9a76-0f1a8e1f803f,79.9367,11.9033,2014.0,9.0,28.56
e39ef182-d7f9-40de-bdd0-a163b4f5b514,34.3277,27.9078,2014.0,10.5,25.61
1224c53b-1eee-4114-bf23-af1e8417e1e9,34.4199,27.9633,2012.0,8.3,25.68
3e4d20a7-caba-428b-b2b5-bca658c39e54,34.3524,27.9149,2014.0,6.5,25.79
9a95b1a9-1d13-4e8f-a5ac-34b4b24e5789,115.731,-32.2739,2012.0,7.0,20.41
3286a1e6-5c1a-4a75-a04b-9dee10c1568b,117.82083,-19.75333,1988.0,51.5,26.85
4c4e3f75-4598-4aeb-b3b6-9a5978a82328,117.92,-20.005,1988.0,37.0,26.67
94e3306e-dcc9-4402-9dd7-1299415219b2,34.8814,25.2282,2014.0,8.3,26.14
806a73a4-f7d0-4ae3-a2f6-55bfbe6626d2,34.1894,26.2778,2013.0,10.0,25.69
04b1a78b-35fe-4d91-bc44-6d54240d225e,56.3659,25.4819,2004.0,5.65,28.46
5c283087-0cb2-4cba-893e-451420ddf60b,117.2525,-19.72583,1988.0,65.0,27.0
267ff63c-2bdd-4b8e-9068-34d9a073f211,102.659,5.87559,2013.0,9.0,29.35
a8bf9a9f-7a46-43e3-8cb8-d810cb7b4bf7,34.9688,29.5447,2014.0,7.5,24.33
0831049c-44c7-44bd-9735-9620d21e9e53,34.9115,29.4977,2014.0,11.0,24.34
31720dc6-7b1a-4321-b8a4-96cf24b8b657,124.0,10.282,2014.0,9.0,28.82
097070c0-3230-4700-b36b-3219c0d11a44,114.191,-21.8166,2014.0,6.6,25.48
55fa3c8c-ec44-4f6a-9c89-33af2518d4bf,114.191,-21.8166,2014.0,6.25,25.48
4a1a2090-5dc5-4c43-a639-0caacbcbd82b,125.242,1.45699,2014.0,11.5,28.89
705aff89-4a3e-460f-94ef-57cd4c15e51c,72.7832,3.99921,2014.0,14.25,29.0
53977b2f-128d-47a6-a471-dc8b95693af4,72.7663,3.98627,2014.0,5.05,29.0
c53eeb96-1f7b-4217-8cc2-955b6845e744,34.0381,28.1056,2012.0,8.0,
40a74df0-c178-41ba-9f59-6dc9c7b36f0c,151.273,-33.9177,2014.0,3.0,20.43
9b6a22e5-d944-434a-982a-a5dd42395a8c,33.9208,27.8133,2013.0,9.3,25.23
ed0d0f7f-9b8d-4f6a-8b0f-7c05d5db6fec,34.2458,27.74,2012.0,9.0,25.62
bbcadfdf-f7f0-4d7e-80cc-161c78fc3c59,95.2828,5.86016,2014.0,9.0,29.28
d2445839-2df4-4939-b8d5-869727e96195,34.3088,27.8473,2014.0,9.0,25.61
b333cfbd-5b28-424f-b011-4929cf9a4658,33.8833,27.7833,2014.0,8.0,25.02
0ab277bd-9584-447e-b9ff-e0369fc75e45,34.3312,27.9031,2001.0,9.1,25.61
50ea5a4f-c26f-4116-b8fc-e3f5f367d85d,34.3344,27.874,2001.0,9.65,25.79
8e9df3b5-0146-41ef-8353-5a6b05136a56,34.3232,27.871,2001.0,8.35,25.61
18276bc3-e16e-46f9-bc27-b58ed991a409,114.189,-21.818,1989.0,3.901447802895605,25.48
e3025a1c-9642-4c7f-b62b-2eeb7e254a11,118.629,4.24895,2011.0,6.5,29.15
909ff53a-0270-4d9b-80b2-cfb04b5e5a93,98.8956,7.42953,2014.0,10.0,29.48
ed37af0c-7cbd-42f6-a168-367ea9f30327,98.8969,7.43321,2014.0,9.5,29.48
7d8bc960-e951-4d97-9bbb-ba146de57567,29.9012,31.1978,2010.0,11.35,22.56
11c608d8-f57a-462c-95b9-39909e1cc83f,34.3088,27.8473,2010.0,9.3,25.61
03b0bd27-362e-402c-b98c-470a2d539956,34.25,27.7217,2010.0,14.6,25.8
d4398d91-5ee6-4f05-a446-b667ee1520a8,34.2567,27.7667,2010.0,11.65,25.67
203a1b2a-b357-43eb-b62d-6234fa05cf59,34.2625,27.7921,2010.0,9.65,25.67
3ae98063-fb58-4ebb-9a08-54c9895f2c7c,34.041,26.6555,2014.0,11.0,25.65
31c0f680-172c-4db2-85f8-429ecb8d3929,120.976,13.5248,2014.0,9.75,28.24
42f3a62b-1eed-4093-93e2-53917893adee,39.3697,-4.71917,2014.0,9.0,27.26
af13898e-89c8-4b25-b528-7390ef13a61a,115.22,-8.73361,2012.0,3.95,27.7
bba50edb-8d7f-4a7f-82e5-715799f44347,34.3946,27.9502,2014.0,9.0,25.65
5c3cdfdd-0363-4674-b10d-c6a9c9312064,145.994,-16.7671,1993.0,5.0,26.15
bbb7084e-a4e3-4396-adc8-a54a67a87cea,121.905,11.9686,2004.0,8.37,28.41
2ab5eae3-8ee8-4cb7-ad20-44c54218cabe,168.223,-17.5689,2014.0,6.5,27.43
2af66f5c-105b-4b99-a92a-eb21094c0dde,145.863,-16.0663,2011.0,7.5,26.46
03eab5d0-03df-4e46-aaa3-bc1a73ca1c70,114.191,-21.8166,2013.0,7.0,25.48
a7ab6e94-e7e9-40d8-a8a5-fbc6ee31868a,98.765,7.67889,2010.0,9.0,29.44
8a31cc83-e8ee-40ea-9afd-001a694bb19f,98.7561,7.6916,2010.0,7.5,29.44
291f2a4f-88c3-4b07-a0c1-76347adb58a7,145.844,-16.1026,2011.0,6.0,26.48
219803a4-6351-4044-b00a-f0c536cb4113,118.629,4.1209,2011.0,12.5,29.15
39de5153-421b-4ae0-ae75-19b2020377c8,73.4905,1.82188,2013.0,12.95,29.21
82682946-4710-4a5c-9ca1-617229dd1389,72.811,4.20113,2011.0,13.0,29.0
c8d1a8bf-2b4c-4738-a5d9-94fbea49a6a9,123.367,9.98812,2011.0,11.0,28.59
81d7f3fe-b067-4321-9476-f1ba2468d28f,98.8956,7.42953,2014.0,12.65,29.48
04f875d1-fdad-4d9a-89a2-b18c6bd5f8fe,98.8883,7.42702,2014.0,10.0,29.48
077415af-411b-4a06-9462-87608ba25eef,33.9562,27.169,2005.0,5.8,25.58
a9332047-42e1-4af4-a5b2-cabe2460fd18,18.0944,42.6507,1999.0,8.05,19.38
83f0d66f-87a8-4dd9-985b-03cc59496825,116.13333,-20.5575,1988.0,30.0,26.2
44abfe27-9b25-4424-ace9-e164206e10e1,117.065,-20.035,1988.0,49.5,26.63
4fa78945-c6a3-452a-8766-912882898b8a,115.86834,-20.66416,1988.0,22.5,26.03
a21f2b38-c9a3-4ebe-be07-70f440e580a0,117.51,-20.145,1988.0,34.5,26.61
87d28355-511a-46b5-8241-27efe01dbc16,117.82334,-19.58583,1988.0,60.0,27.03
904697fc-5c2f-42b9-aca5-db3e44fc01bb,118.865,-19.6825,1983.0,28.0,26.92
a3263c8e-dac6-4ad4-a95d-ee99a2ee79c5,117.86334,-19.725,1983.0,53.0,27.0
38db244b-f57a-4986-8e23-66128c5c347a,117.83333,-19.76166,1986.0,51.5,26.85
9c8a4d54-3b68-4ccb-a160-33f76e276a84,113.58319,-22.76082,2019.0,29.0,25.16
ab58ae2e-8fb7-4eb4-86e3-ec699d32a9c2,115.795,-19.91,1986.0,73.0,26.78
35aad6cb-7245-4816-ab07-a2979a4ec75c,115.67583,-20.57083,1986.0,23.0,26.09
74abda65-58b9-435d-9a37-e16f6b75096b,117.77584,-19.59833,1983.0,58.5,27.03
64a13c8d-7f8c-4532-b29b-78164c8eac6a,116.81833,-20.25167,1986.0,40.0,26.44
58b0cc26-f605-4695-83d3-c0c0e4338137,116.02,-19.88,1986.0,74.5,26.78
fc8d24df-01be-4326-87cf-166aa8f1d24a,120.459999084,22.4799995422,1977.0,,27.08
99cac170-702d-4b25-962e-b40b0ddbd63b,118.21667,-19.76667,1983.0,36.0,26.82
b350cbdd-0bc8-415a-9be9-1dd1939e524b,115.9625,-19.84416,1986.0,72.0,26.78
a63d6d87-006e-4bc5-bb7b-b8597711f13e,117.87334,-19.97666,1983.0,42.0,26.78
b43a6cad-790c-4b12-bfd9-f6982f8ea89a,117.90833,-19.705,1983.0,53.0,27.0
a77bb1b1-40d8-46a2-bb93-515a905e311d,116.78167,-19.71416,1983.0,56.0,26.94
4206a732-f7da-45f4-b521-b910db591ad3,118.8175,-19.49916,1983.0,37.5,27.08
a8a53b25-b6d8-4d0a-b73c-03a1f552e255,117.88833,-19.73,1983.0,54.0,27.0
b2ac9a5d-be88-4b2a-b577-fc7b20a65f5d,116.72083,-19.545,1983.0,54.0,26.98
f16ece9e-689f-4ba6-87ae-9219e074f046,117.95,-19.91916,1983.0,40.5,26.78
2d318b61-4894-44d1-9eb9-efd379456379,117.9175,-19.74,1983.0,51.5,27.0
44ae419d-2a29-40cb-91a3-b1e53e4f7dde,117.06417,-20.00166,1983.0,52.0,26.63
12b03a2f-0e61-4c9f-b3a7-23660c037eba,117.00333,-19.98083,1983.0,54.0,26.75
7c16f555-b587-4025-9cee-b7fa74c7f1b6,118.91667,-19.4825,1983.0,36.0,27.07
ae4ef796-202e-433d-9421-e0aa72e3fed7,117.92834,-19.69917,1983.0,53.0,27.0
2dd43e74-e045-4e7c-956f-42b61952e23a,116.80334,-20.06917,1983.0,52.0,26.62
21cb4ee0-128e-4171-9c49-6bd70e92b8c7,116.76083,-19.70833,1983.0,58.0,26.94
9f2164e3-b02f-4503-8f3e-69a8266c06d4,118.255,-19.47416,1987.0,64.0,27.11
3961733e-f0fa-4894-b086-c9c740ef1980,116.0175,-20.25416,1983.0,47.0,26.39
c4a3a55a-d962-42a0-8040-77a7ea97cbfb,117.94584,-19.77416,1987.0,48.0,26.85
d02cb743-ce91-48fd-9396-4a5420c8e6c5,116.59583,-20.05167,1987.0,53.0,26.62
7c0976df-bcc2-4b6d-b5a1-4423b3845132,116.49917,-19.765,1987.0,58.5,26.79
3d40defc-1294-447d-a83e-65be380df11b,115.25584,-20.1575,1990.0,64.5,26.59
271f5b5d-a5dc-4bf3-a0ea-94d7bb33c2d2,118.25334,-19.6425,1987.0,42.0,27.0
81f976e6-7925-40b6-aaca-d6392bc5270d,116.38,-20.02833,1987.0,53.5,26.62
4045e941-abba-4deb-91fb-05871587634a,117.09833,-19.62583,1987.0,71.0,26.97
72101179-a4f0-4cfb-95c1-00e75946c4ba,116.555,-19.79916,1990.0,58.0,26.78
be9b45ec-9865-45d6-af8e-68b29b68f92f,118.35917,-19.72666,1987.0,33.0,26.97
54943713-d1ba-4ef6-8a37-793992d2a0c1,116.415,-20.29583,1987.0,41.0,26.42
67f4550f-d44e-4086-91c3-c4c240dd77e8,118.71583,-19.58083,1987.0,33.0,27.01
f2275606-8ca5-4e7e-84bc-3480653e4dfd,116.53584,-19.78583,1983.0,56.5,26.78
c91fc9bf-7116-4ddb-8f56-f6d6b60c69e7,117.54334,-19.02083,1983.0,131.0,27.27
e04ceb91-0ae0-451e-b16f-82ba9a527839,116.425,-20.26417,1983.0,42.5,26.44
1e5abe10-24e2-429d-a6f2-817dad2781e6,79.8167,11.7167,2013.0,,28.53
698cb8fa-77e9-416d-b9bb-a5496f3157a2,78.8867,8.9532,2006.0,,28.69
0855f79a-d1c7-4733-ae18-6f2937a6f634,72.63,10.55,1988.0,,28.85
d0b9452b-ccc6-470f-9d5f-b4d10d8283dd,73.62,10.07,1988.0,,28.89
18635c7b-b250-4bc2-b833-da827a3107dc,72.72,11.11,1988.0,,28.83
0ec3dc2b-5ef9-4b27-8157-1b4f138274ec,72.79,11.21,1988.0,,28.84
788ca51c-04e4-4b9b-9e99-141d67e6ba62,31.2332992554,-29.5,1962.0,,23.01
dcdecd0d-78a9-43e7-8d18-20470fd69948,117.08167,-19.75,1983.0,64.5,26.83
02ac9500-ed03-4c2a-b308-0919315cc253,31.0,-29.8833007812,1992.0,,23.2
3c7fd723-db12-424f-8b73-b636a8e72097,32.7000007629,-27.3166999817,1981.0,,24.68
adcb7df0-7a55-47d4-8259-b9390ca6c2bb,30.7332992554,-30.2667007446,1992.0,,23.44
39d687a6-3c8c-4fb1-b604-6210684e968e,31.0,-29.8833007812,1992.0,,23.2
9d1335b4-d475-4259-8a93-3840393f4042,28.0,-32.9166984558,1965.0,,22.06
270fc6d7-a8c5-4818-ad1e-29d7213bdaf0,32.6040000916,-25.9780006409,1992.0,,24.16
23292a45-47bf-4ad7-8d80-f71246b16021,117.88417,-19.82916,1983.0,50.0,26.85
b8e1b3ed-5a3d-40d6-9677-09ea883c0c07,162.2,11.5,1954.0,0.0,28.55
765828b7-2ced-41df-9edf-be2de6adfba8,118.47334,-19.54166,1983.0,40.0,27.02
44d3b5d8-1b47-489d-87ca-9f7617273dfa,118.35,-19.58333,1982.0,,27.03
3b2291ff-ef77-4c57-a49d-d0c17e7554fd,117.93333,-19.09166,1982.0,,27.26
e073ac7e-f27c-4ac5-88cd-b0c6f7dc6875,78.3192,8.6626,2008.0,43.0,28.53
79402cee-1464-446d-9e1e-3dc7ec25361c,78.3192,8.6626,2008.0,43.0,28.53
3adafff7-58f0-475d-a69d-89b5f00f66f3,118.15,-19.25833,1982.0,,27.17
d6bf1e1b-f37d-402d-9975-fed404b3b58e,118.18333,-19.55,1982.0,,27.04
7f1768e1-9f50-4414-8df3-76d72b574bfe,118.49167,-19.78333,1982.0,,26.79
f5875d3e-46ce-4633-8176-9fa67f9700e1,117.90834,-20.00833,1982.0,,26.67
ef517240-6a54-47bf-b472-4cba1b14d783,121.690002441,25.2099990845,1977.0,,24.32
37749cb1-362e-4f11-9d73-485395db3cdb,121.559997559,22.0400009155,1988.0,,27.38
d80d45ee-788c-4b06-8430-835f2e94697e,120.720001221,22.0300006866,1977.0,,27.18
98ffce80-be86-4154-a6ba-56ac7441097b,120.760002136,21.9599990845,1994.0,,27.27
9cac6d3f-6960-4a16-8fc9-e7aee5606268,120.410003662,24.8199996948,2002.0,,23.81
32c9fec2-a286-4eae-ac4b-81882a70ad7c,120.730003357,21.9300003052,1971.0,,27.29
b4fc309a-69fa-4f7b-b579-343ea543fb3e,118.03333,-19.83333,1982.0,,26.84
d449b9db-c826-43f5-b6f2-41d3f8321605,118.03333,-19.80833,1982.0,,26.84
f7c6c32d-da55-4efd-bbfc-0f9c0a7db020,117.88333,-19.65,1982.0,52.0,27.01
6b31c501-a7db-4408-bac8-a8cd2a672f04,117.83333,-19.99167,1982.0,,26.78
0b9dade3-3d9b-4dd4-9bed-2ebfeb831d4f,118.03333,-19.825,1982.0,,26.84
7850ab92-ab4c-4ba1-9d27-82469a758db1,113.38333,-24.86666,1972.0,,23.18
62b4a60c-5b55-44d4-bbd3-5f5b219d9bfc,113.38333,-24.86666,1972.0,,23.18
b45a373d-e9ac-4320-ba6b-8313d6d836ba,113.86667,-28.88333,1973.0,,22.44
cb189b55-52b7-4d22-bcff-8b223a6e2f62,153.35,-27.48333,1964.0,,23.12
19b8d57d-32f1-4644-9c30-549198e14449,159.03333,-29.91667,1987.0,,22.15
f76c5349-62df-4b20-9a8d-d9eea61191c2,146.41666,-18.45,1986.0,,25.8
a206c0ca-2f67-48c7-ad3c-5517d598375d,146.75,-19.25,1989.0,,
1d6d3d4c-e765-4511-8976-8495ee9a0f62,144.73333,-14.46666,2002.0,,26.3
57c4f790-bf7e-45b8-bbe2-cfd1803a787e,151.46667,-21.03333,2000.0,,25.49
bcb102f9-0c69-4541-a778-0469e60f1e82,153.56666,-28.35,1965.0,,
bfa499c9-f7b3-4035-85f5-6e2d50a91de5,118.15,-19.53333,1982.0,51.0,27.05
a6b956fe-257f-42ef-9a7d-913dab609b74,117.83333,-19.99167,1982.0,,26.78
5507983d-698b-4138-b131-9d20a8ddd3c7,118.03333,-19.825,1982.0,,26.84
586f677b-3c34-4aea-8b46-49c4faf5f7eb,117.79584,-20.06167,1982.0,38.0,26.66
0b5863cc-342a-4ba6-ac2d-063917fdbe59,116.02417,-20.25417,1982.0,46.0,26.39
482dfb6d-ced1-4977-96d2-90ac6ae34d88,117.7375,-20.07166,1983.0,38.5,26.66
b85bdec0-12dc-4b15-91a2-4a4674bb9a5e,117.79167,-19.98,1982.0,43.0,26.78
e66e2964-8588-4d15-8ab8-a735b3b03870,118.575,-19.525,1982.0,,27.02
1697127b-f48e-4085-a9ce-da4c5ce80512,117.5975,-20.00083,1983.0,43.5,26.66
aaceec03-1ba9-4ffe-affe-add8fcfa0df4,118.12667,-19.43667,1983.0,66.0,27.12
c2f96f60-e9b0-43b4-9971-23ff93cac2e7,117.47833,-20.20333,1982.0,35.0,26.56
3b3a1bb4-e1c1-4b5e-9cae-590ec1a17642,117.74917,-19.97916,1982.0,40.5,26.78
ee6999f5-c1d8-4c40-919b-55c159b980e6,117.87,-19.91416,1983.0,39.0,26.82
b8ec44bd-e466-40a5-b4a0-09ac2b32ac0b,116.37333,-20.3275,1982.0,45.5,26.42
5dfe1bfe-6178-44f2-8572-54cfeb399a32,117.5225,-20.20667,1982.0,30.5,26.57
61aaa315-5b7c-4b1c-aee7-616e97d5c038,117.66167,-20.00583,1983.0,42.0,26.66
5960e7c8-cc5f-4ce6-aa01-779289a70ec7,117.39334,-20.1475,1982.0,39.0,26.59
5e804b43-f8f8-42db-aa08-1ebb6017599c,118.53333,-19.41666,1982.0,,27.13
6d620488-8a8d-449e-bb92-73cc90cb05de,117.66417,-19.92916,1982.0,43.0,26.78
93aa435e-4fb3-4da2-8f4c-4c5d1b34c3e9,117.56333,-20.06916,1982.0,43.0,26.65
ed11cdf1-9e58-4d78-bcf6-97ceeef6fd21,116.33917,-20.03,1982.0,54.0,26.62
07fe8de8-1158-4a34-81eb-e014b4fd2f09,117.39917,-20.21166,1982.0,38.0,26.55
c22240f1-d7a8-475f-9a58-a1f8f15212bd,116.45917,-20.0925,1983.0,50.0,26.58
ac1b05ce-d8f0-4d28-be6e-eaaab216dee5,118.1225,-19.33416,1983.0,72.0,27.16
373d9319-ba62-49b8-8157-1a38925f58e8,117.94917,-19.69583,1983.0,53.0,27.0
b81f2669-8b55-4459-a25a-0f231b50209a,117.92834,-19.71916,1983.0,52.5,27.0
88a944d3-f9e1-401f-bb01-c8ac7a244702,116.8407,-19.7983,2017.0,74.5,26.8
ac8dc158-1111-4855-a2a2-a1c011047563,116.8407,-19.7983,2017.0,74.5,26.8
a7a82eb0-7005-46b2-879b-ae7ed74881ee,116.6752,-19.9268,2017.0,65.5,26.72
c289b159-0224-40ad-a528-0ce14ab7a684,118.1372,-19.294,2017.0,78.5,27.17
c4413f85-45c3-43d5-b913-5e5899fffedc,118.1372,-19.294,2017.0,79.0,27.17
68c8abea-0a1c-43cc-8fba-e0089204a7ee,118.91667,-19.60833,1982.0,30.0,26.93
08e3daa4-e9ec-42c2-9202-2d54d29a48ba,117.80667,-20.04083,1983.0,40.0,26.66
024228e8-91f8-463b-b755-219a26db0d45,117.0125,-20.29416,1982.0,34.0,26.43
42e0a8a6-df4a-4d78-80db-437b68bf35c8,116.79,-19.6175,1982.0,45.0,26.95
0ae1d476-66e1-4e85-a527-49cafb6c47bd,116.9625,-20.12167,1982.0,44.0,26.59
d80ccd09-54cc-4419-98aa-e243ecd070f8,117.1175,-20.2175,1983.0,33.0,26.55
91a0e4aa-0e8c-4c92-82c8-b50955544d59,117.93084,-19.90416,1983.0,40.5,26.81
4aeecc1c-3ed1-48f0-a6e7-b0059d61fea6,118.8775,-19.09416,1983.0,83.5,27.28
64b773e8-a28a-4133-a80e-0c588fdd3ab9,117.36,-20.3325,1983.0,25.0,26.43
c044d904-c890-4af7-8df5-58360cb5c8b5,116.09417,-20.52583,1983.0,30.0,26.2
eead6936-42d0-48fe-b0f1-534e860131df,116.63834,-19.6125,1983.0,49.0,26.9
549e5956-4407-46a1-a394-d3d08a65e9fd,116.87667,-19.8625,1983.0,66.0,26.77
68db84c3-1128-4428-b035-9a8eb1629fc5,116.42583,-20.21333,1982.0,47.0,26.54
4452daf4-46c9-4946-91bb-e17d31c4edf9,115.98333,-20.645,1983.0,24.0,26.1
88549c30-822e-4b45-985b-f948444ce02e,118.67084,-19.51833,1983.0,37.0,27.01
f5226193-f3ce-40a6-8773-57175207b29f,117.46667,-19.875,1982.0,,26.82
136843b5-2d42-47bc-94e0-3b20326b446b,117.42917,-20.0575,1982.0,43.5,26.64
15d5f0b2-217a-4a4e-aac0-7c2520705a33,117.73333,-19.7,1982.0,,27.01
60dde007-4407-426a-9b70-71c227c799f2,117.04417,-19.70416,1982.0,67.0,26.97
3581b0eb-889f-4d54-875c-c54c776fecc3,125.5932083,-8.29268955,2013.0,9.1,28.5
683549ff-e932-4d2f-a03a-d25e1f2391ad,117.12083,-19.64666,1982.0,70.5,26.97
0f4dc1d8-ffb3-4797-9b49-a5517926c8f2,117.9,-19.99333,1982.0,43.0,26.78
97914787-fc77-43b7-a082-0f5474fa419f,117.845,-19.935,1982.0,43.5,26.78
f36347a6-e2ec-45ec-b99b-6cfb163e31c8,116.69167,-20.00833,1982.0,,26.62
70b5a617-693a-4249-b0d9-9641451d9408,116.2125,-20.5225,1982.0,32.0,26.21
53c9b95a-6c7a-4f29-8536-cd27456d0b6f,118.35417,-19.49083,1997.0,57.0,27.11
38ec8ffe-af7d-46e3-80f1-8a58eaedba52,115.30834,-20.14417,1997.0,59.5,26.59
da99d042-9b05-445d-8302-9e78707abf41,117.55083,-20.17333,1997.0,32.0,26.57
d673fa77-a9e0-4029-a02d-e3fde330891b,118.83583,-19.50916,1982.0,37.0,26.99
3f7f3ad3-a4c8-4788-904d-10addd21f773,117.975,-19.96,1982.0,38.0,26.78
58e73787-25bf-4297-9450-64c11e5f39aa,117.94834,-19.94583,1982.0,38.5,26.78
3b40f926-1491-4cfa-bc4b-8d3221c76da4,116.54667,-20.04083,1995.0,56.5,26.62
d4262c93-b5e3-4d13-bddf-926f6e4cda3c,116.5275,-20.40416,1995.0,37.5,26.41
34df5a47-83fc-4681-a838-4661fe3f3612,118.08333,-19.72083,1995.0,49.5,27.0
8bb55c7c-f71c-437a-b894-4bc21572c611,118.1,-19.68916,1995.0,51.0,26.99
ff910a91-bc99-4f88-bfe3-76171258ecc2,116.67167,-19.52166,1995.0,59.5,26.98
bb083697-513e-4fe2-b997-9a3c1301c2a1,118.0375,-19.955,1995.0,35.0,26.76
1f17f994-fd2e-408f-8b75-d8c346cca2bf,118.4275,-19.58666,1995.0,36.0,26.99
e5542ed0-9aa6-4319-99f8-9a07f027af52,118.61084,-19.43833,1995.0,53.0,27.1
f0aaec23-540a-4dbb-97af-a04a6abcaad4,115.39667,-20.1425,1997.0,62.5,26.55
2e003a41-f03f-42b6-a49e-fdbb966d44b8,117.82583,-20.055,1997.0,36.0,26.66
89ff5b49-8aac-45c4-a20f-f5bee59ad924,117.7925,-19.16833,1997.0,101.5,27.24
a24b1d83-2dfc-4dc6-bc8e-b1c37064e36e,117.73167,-20.01916,1991.0,41.5,26.66
8f1e6566-a2ac-41f0-8fdd-ceed458f195c,115.015,-20.59,1995.0,83.5,26.37
4ff6e8b7-da6d-4cb1-8f6c-8f5119da9399,115.20917,-20.16667,1995.0,79.0,26.59
b32576fc-f412-4661-ac25-0f20469d8ac5,117.96834,-19.77083,1995.0,47.0,26.85
271fd6a9-e71c-43fa-a21f-80ca71c4e1d6,118.1525,-18.96333,1995.0,119.5,27.38
df277bdc-aaad-4fb7-8c24-a66dcf294b24,118.23334,-19.75417,1995.0,34.5,26.82
e09bfee3-2060-4827-855b-331e43003746,115.23917,-20.70916,1995.0,44.5,26.26
7c4d3010-01fe-4826-8e1f-e9fe6c4229d6,116.665,-19.7325,1997.0,48.5,26.92
4a0d0a09-1aeb-427a-bd16-30f8714f34eb,118.46417,-19.7025,1995.0,33.5,26.97
d873b6d4-83dd-4ac4-9faf-2579f0e86201,118.17834,-20.0725,1997.0,24.5,26.65
5fad1dda-6b1e-4564-b6ca-5f1cace3e420,118.265,-19.95166,1997.0,26.5,26.72
1419a68a-74d6-4e0f-af8d-15e87f752557,116.79833,-19.62833,1991.0,46.5,26.95
1d211340-2cea-42d8-b886-f130a0e86f0f,117.83084,-19.71333,1997.0,53.0,27.01
f77f23e8-1101-4b80-a63b-872e6f6a5d5a,115.9725,-20.71,1995.0,21.5,26.05
22c7f97a-7409-4651-806a-6746f1d0c76e,116.20167,-20.33333,1995.0,41.0,26.41
a06d189a-fb1f-41a4-8a28-12b597291768,118.00334,-19.92,1989.0,40.5,26.76
361070bb-803a-403a-899d-1763c1416832,116.965,-19.76166,1991.0,65.5,26.81
973da45a-036a-4c02-a424-b5b47ae96030,118.70167,-18.94333,1991.0,86.0,27.38
30202fac-e968-4afe-b154-f7c6079c0013,114.92917,-20.41416,1995.0,122.5,26.53
f73dca36-83f5-48ab-b5a2-840bb90c4e0f,117.78084,-19.99333,1991.0,40.5,26.78
f1a85be8-fb16-4082-bf6b-9b2fb5f3c303,118.12667,-19.7025,1989.0,52.0,26.99
76a55ea1-c2b0-4704-a1e3-4005437d5b9f,115.54583,-19.97,1989.0,68.5,26.74
a293edde-205e-4d0e-989b-90b7b120db0a,115.29417,-20.1575,1989.0,66.5,26.59
45ed0b68-66d6-4811-a52b-bd9d9e6660b9,115.45834,-19.93333,1989.0,80.0,26.75
a856546d-e311-401f-a6d3-d3ed0e0ead86,117.25,-19.64583,1989.0,71.5,27.01
1ed50c00-2aed-4fa7-be6e-569a82208e2c,117.29,-20.02333,1987.0,48.0,26.64
927a22c0-188c-4aff-8935-a8e88e3d6d9d,117.3525,-20.34666,1983.0,29.0,26.37
d88759b2-049b-4494-8ad3-78bc3a13124b,116.45584,-19.79583,1986.0,59.5,26.79
8cda0e4e-3419-4734-8994-014043dc9218,117.22417,-20.32666,1983.0,27.0,26.43
4994fa36-4f3a-442e-aa06-a5603b887ba3,117.365,-20.19083,1987.0,34.5,26.55
d3b7eec7-9f30-44a7-a83f-ca15d0f00043,117.10083,-19.875,1987.0,56.5,26.81
37b838e9-1e3c-40f5-b45d-bdda98b6fd45,118.395,-19.7325,1989.0,34.5,26.97
e460ea97-8f50-4736-8154-4edeec90773d,118.3025,-19.3575,1989.0,71.0,27.14
45b2a488-7d91-47a4-8723-4710880b8b20,117.9025,-19.5825,1989.0,60.5,27.06
0a33ca79-83e2-482e-85d5-f08bb2f4d0e4,118.32,-19.44166,1989.0,66.5,27.11
31b558ee-e320-4662-b23d-18dd0298f5d0,117.77334,-19.29583,1989.0,87.0,27.18
5c2e280f-3ef2-499c-a161-12f2277049e5,118.2275,-19.95833,1987.0,29.0,26.75
32597885-211b-4ec1-ba84-e0bd1fc09b86,117.54167,-19.31916,1988.0,92.0,27.17
792e79d1-1dec-47f3-ab3e-0ea15abc84ef,116.51334,-19.765,1988.0,57.5,26.78
5a1a04a2-b12f-4f59-bc4a-78075459aeb9,118.855,-19.02666,1986.0,83.0,27.27
d4475893-9c0e-4b32-a76b-f60fcb7a3210,118.10583,-19.26666,1986.0,66.5,27.17
3f5e2154-a7e2-449d-a5d6-d649ebf07e0a,116.63334,-19.79917,1986.0,57.0,26.78
97e06fa1-3684-42be-8bb1-bfdeea9f2578,118.615,-19.43333,1986.0,51.0,27.1
0da96834-1117-429f-bd03-3becf06ff40f,117.91833,-20.17833,1987.0,27.0,26.6
0ac41e27-65ea-45b6-954a-99db72df469d,115.895,-19.9425,1988.0,69.5,26.74
9dee924c-9c62-43fb-a815-6718de98e5b4,116.4875,-19.62416,1988.0,64.5,26.95
4737317f-ad3d-44e5-8d74-d60db024469e,115.46917,-20.1225,1988.0,67.0,26.55
f30a2d4b-845b-4ed3-8f64-e7b2e39c17f0,117.86917,-19.97333,1990.0,40.5,26.78
875502c3-2e1b-4e4c-b0ac-23d116f84f94,118.82417,-19.5225,1990.0,37.0,26.99
c4f29c69-25d3-40d0-bc27-19a839cd3043,116.40167,-20.13,1990.0,49.5,26.58
207384d8-46ba-482c-97f6-3780fef0b592,115.75334,-20.14333,1988.0,64.5,26.56
8a3febe7-c1d8-4b1b-b932-c344ee008b46,115.5175,-19.92583,1988.0,74.0,26.74
0126473a-bbb5-4989-bce9-8198de23d87d,118.14583,-19.76416,1990.0,35.0,26.83
8253f949-d785-4e5b-9e35-d623d6ec64ba,115.80667,-20.62166,1990.0,27.5,26.05
bea300c3-74ee-4f89-9b15-fa5c42d18b01,118.67167,-19.28,1988.0,71.0,27.16
5fe96c90-375f-4bd1-a405-4e8fea3cd066,118.8025,-19.67083,1990.0,29.5,26.94
c4464c00-41bc-4e79-9e11-627feb74ab3d,116.98333,-19.92083,1983.0,58.5,26.74
88414b78-568b-4daa-9fe5-3ef0f250415e,116.76417,-19.98083,1983.0,58.0,26.73
c1d7b769-b416-4872-b16f-1d3e69b5b365,116.35334,-20.01,1983.0,53.0,26.62
fdd6e9d0-1235-4c6c-9bbc-ab985f6652ed,117.355,-20.24,1988.0,31.5,26.55
a5f3ef47-0831-443f-a8d4-bed4d77dd015,117.2275,-20.33916,1988.0,24.5,26.39
977fb38a-e007-4973-8d8c-7ce80192f715,117.34167,-20.105,1988.0,41.0,26.59
5fa7850d-b8ea-4223-99a0-33a4e414edce,116.60834,-20.2025,1983.0,50.5,26.55
5b6f0d40-50eb-422d-ae2d-6b6858c5c44e,117.10084,-20.1625,1988.0,40.0,26.59
7d054777-003f-406a-9022-65ee3e01762d,115.88417,-20.09916,1987.0,60.5,26.58
cf94eea9-50cb-4429-b751-ee96882143f0,118.56334,-19.5,1988.0,42.0,27.02
7cad1684-db7a-46f9-a12f-08843366c6b7,116.92584,-20.2275,1988.0,40.0,26.55
3b904efe-716f-4deb-b50d-a51ef42c1492,117.935,-20.07833,1988.0,33.5,26.67
be7172a1-e7e1-4d5b-9203-d373d6ed53d1,117.935,-20.175,1988.0,26.5,26.6
9bf66c1c-507b-44bd-8e52-9874b0940b7c,117.32834,-19.795,1988.0,61.0,26.85
930b6bdb-ee9d-42be-ab2a-98d739e4a8e1,116.81334,-20.13417,1983.0,49.0,26.59
b7164b49-fd0a-4979-92dc-fd8d14c72c04,116.79167,-20.17583,1988.0,43.0,26.55
e6426ec0-6654-4e50-a096-86d31703c6fb,138.85209,-13.60139,1967.0,60.0,27.99
0436bd2a-b8a5-45de-a227-b133903d705d,116.70111,-19.52513,1967.0,69.0,26.98
0e606c76-a06b-4cd7-b269-5bb9da22e319,116.45945,-19.88333,1967.0,71.5,26.75
32ff63a9-cfa0-4989-b7ce-e438e6bb85cd,121.55111,-17.94222,1967.0,59.0,27.69
1f39fc01-98ab-4ea4-90ef-c3d42f60b4b6,116.92528,-19.96778,1967.0,58.0,26.74
34fa6cb5-e392-476a-9d31-54ade9348a53,136.80875,-9.61889,1967.0,53.5,27.85
2ef142ec-70c2-400b-8e2b-21452782f57e,138.43403,-10.53389,1967.0,54.0,27.92
5423ba5d-4c6f-4676-8a5b-0b495d723ac5,133.47612,-7.35014,1968.0,80.0,27.91
7691c7ac-cb73-4935-8ede-b3c82241212b,116.85833,-19.72569,1967.0,76.5,26.94
c6f6f2e2-7835-46bf-870c-6d20b3beb81f,139.47584,-12.91722,1967.0,62.5,28.1
02bc7b7c-f92b-4dd5-b53c-3f674983e5c8,132.10139,-10.61805,1967.0,59.0,28.26
da687065-b385-4881-b164-da0a9d564206,116.50028,-19.89319,1967.0,64.0,26.75
4003f765-9c69-499d-93c2-b900ab2900d7,137.45098,-12.53333,1967.0,49.5,27.89
70e35b39-d6c0-48d7-83de-69a75695ccb2,137.50181,-10.50028,1967.0,51.0,27.83
9c23ecc7-2818-4626-95e4-0aee8d6dd191,135.35987,-10.66861,1967.0,53.0,28.01
907492bf-cfa2-4f8c-8fd5-e171c12808bf,123.80917,-15.05125,1967.0,62.0,28.62
7f1a0a81-be5a-4d60-839b-7bd9e113ea46,118.15931,-19.04333,1967.0,93.0,27.28
be326a75-8b92-426e-adbd-366a3c0466e4,137.74237,-14.885,1967.0,53.5,27.74
4d027f87-4319-4125-8bd9-c2a00e251209,139.65861,-11.92611,1967.0,60.0,28.12
adb325e7-0bd8-4d2e-91ec-6f44f21b662e,139.57584,-11.2268,1967.0,53.5,28.04
72f84da2-1ba7-4bc4-9e1d-4b63ca7e1b84,121.36736,-18.39291,1967.0,50.0,27.51
363d71dc-853f-4015-8c08-831418b10a0b,137.13403,-10.63389,1967.0,54.5,27.82
1482d8d8-2975-4a32-b70e-ff0e485854b7,131.75903,-10.61889,1967.0,64.5,28.33
8ac16610-a08d-4df6-b7bd-0e0765f60064,116.60195,-19.5593,1967.0,70.0,26.98
4c61d612-a194-4190-806a-b946f66395bb,139.57611,-11.55986,1967.0,59.0,28.09
65ce540a-b94d-4d70-b4cc-a599f45ec227,121.56764,-18.34166,1967.0,43.5,27.49
4e79055d-42ed-4a2c-9273-551a67acc86c,131.13334,-10.61833,1967.0,69.0,28.44
83d69192-4d29-4a4a-b23b-6ff76b02b38e,137.32639,-14.5518,1967.0,45.0,27.64
9f4f1de5-b0f2-4c16-8c02-5cc0d504597a,116.85973,-19.56777,1971.0,72.5,27.0
84ef0d02-ee23-41c6-b41d-049294ba4ac0,128.42584,-13.77514,1968.0,56.0,28.53
5d81bf11-c5b2-42d1-9256-69d38be4581a,134.42639,-10.19333,1967.0,69.0,28.08
6884d751-0493-4b27-9fc1-178dd0c1039f,136.07528,-9.50972,1967.0,59.0,27.84
cc5c38a7-ebe1-4b73-85d3-7c93d69a05ec,130.60139,-10.95083,1968.0,44.0,28.45
4ab1ffd9-17f1-44a6-94be-f3f4ed03654a,133.10945,-9.91055,1967.0,73.5,28.21
13ceb86a-22e9-4e11-9204-b6e1f8a9c3d3,137.00056,-10.735,1968.0,56.0,27.82
ef885852-1f7f-45bd-a03d-332d76a7c1fb,134.71083,-7.30833,1968.0,40.0,27.93
78da36f2-f0ea-49ea-99ee-c7a3ce229b8b,151.71667,-22.0768,1968.0,77.5,24.96
311f3b77-4b63-446e-85b3-bc6d1ae294ac,133.78348,-10.93514,1968.0,62.0,28.13
a695ad3d-b867-4635-b5c2-7a76fe834458,134.98556,-8.84333,1968.0,107.0,27.98
c9b2244c-b038-418a-87c5-d65a7d8d8e70,136.59306,-9.80902,1968.0,55.5,27.83
c7a2a02a-add8-4ee1-85c4-dd039113470e,140.79223,-10.98389,1968.0,49.5,27.87
9ccb56ca-d2b5-4ad1-b378-50dfafcf11f5,137.47736,-8.62652,1968.0,42.0,27.99
cfb79e40-29c2-4b55-a038-dd5f6a0d662f,137.25181,-12.40083,1968.0,54.0,27.84
80605ece-26b4-4d07-9dd7-33f4ca020525,135.00056,-10.15139,1968.0,61.5,28.0
bdc49d49-1cce-4932-b9be-5139aecef45a,136.39236,-9.60833,1968.0,53.0,27.82
563b5d83-25d8-4e74-87f0-064465714db5,136.13459,-8.2175,1968.0,58.0,27.91
08baaf3c-7f14-480c-a9c7-75514b4c4232,137.00153,-10.275,1968.0,57.0,27.83
98fa0d76-b6d6-4d6a-ba55-baac71933070,136.32625,-10.15056,1968.0,68.5,27.86
dbdbe756-20c8-4364-bf4f-b3af6c65f6ef,136.30083,-8.83333,1968.0,63.0,27.89
e749619b-e14b-4241-ba36-dcc9d1ec1fe5,136.80945,-10.71764,1968.0,59.5,27.83
dc32e0ed-7c2b-4666-8f07-841c86c094d7,136.30028,-9.15208,1968.0,64.0,27.86
ebf541b8-d21b-4ed1-9c01-16397ac77ff6,137.25,-12.75139,1968.0,49.0,27.86
78ae224f-f096-4cfc-872e-e931ada5a0a0,134.6525,-10.05055,1968.0,67.0,28.05
502a5154-f200-4630-8c5c-c75b5b4ef57d,136.73431,-10.75111,1968.0,58.5,27.83
eaa2fdf7-2775-4713-94f3-977d44e491dd,116.07611,-20.325,1974.0,46.5,26.39
1306a894-8310-45ca-a8ba-301bcc6abc41,136.17625,-10.50847,1968.0,57.5,27.91
0b879a04-4fad-4b3a-85b4-cce7b9e9f579,136.30028,-9.38486,1968.0,58.0,27.84
f382e1af-bfed-474e-a35a-6fb479aaa5d6,140.01667,-12.98416,1968.0,65.0,28.18
3317ba8c-1ddd-4d5d-af12-b296f2d8112d,137.70042,-14.86764,1968.0,53.0,27.74
946b70bd-7381-4c4e-ad9e-d1d8d254c30f,116.06667,-20.28333,1980.0,51.5,26.39
71eec1ee-5964-4b16-8a4d-f4b20095bf7e,153.028,-24.33533,2004.0,48.0,24.29
ac7f422d-1b99-43be-a950-9d7c966f2261,116.69217,-19.9195,2017.0,63.0,26.72
680a3708-9c83-4954-96f5-3448bac0d938,116.55467,-19.79283,2017.0,64.0,26.78
14dfd394-c3f2-4f99-9bb1-4a7d8abdaed7,117.3615,-20.338,2017.0,32.5,26.37
00756feb-994b-4e27-baf2-b94839ff23be,117.3615,-20.338,2017.0,32.5,26.37
ade684c7-2ede-4ca6-a6b9-f3fc2acd72f4,116.8105,-19.4905,2017.0,67.5,27.06
bc73b563-4703-4cb0-8154-6d3a9d172542,116.37533,-20.0365,2017.0,57.5,26.62
b2fbe376-c60e-4876-beb9-59041564aa94,116.0405,-19.77517,2017.0,81.0,26.81
b0c9f76a-8e42-4b37-a2ee-a5652c2e8836,118.2145,-19.89817,2017.0,36.5,26.78
72f8462d-f434-4071-a646-0fe6584821ba,116.1935,-20.1075,2017.0,59.5,26.58
c98eb785-f73f-4d7c-9f4a-ef8be99561ad,137.76875,-15.13361,1968.0,48.5,27.69
fa901044-d5e7-40de-92ad-b1d22f028610,141.32611,-12.63541,1968.0,41.0,27.96
5ec87218-0b79-4553-a60d-32fe2dce9580,141.27625,-11.72513,1968.0,43.5,27.97
23bbccbc-1d2c-42fa-97d6-7be12059d37d,140.0025,-14.24278,1968.0,65.0,28.07
78f6cc3c-66b9-4f3d-b619-cab33b8996c7,141.17612,-11.53458,1968.0,47.5,28.02
ea3c0e9f-0619-4399-8b65-a64976365de3,141.37639,-12.30972,1968.0,41.5,27.94
92d651df-a30e-4876-a815-b4bc4cc3f61f,139.45973,-11.0025,1968.0,54.5,28.01
8ac31ad2-d988-4ae5-b033-87e866fbdcf2,138.60222,-15.47639,1968.0,52.5,27.75
f6350f5c-d60c-4baf-99f3-1784ebbbbf33,134.50139,-9.65958,1968.0,73.0,28.05
2b1c939c-39d5-428e-a6ab-d99c1777bb38,125.23542,-13.75014,1968.0,62.0,28.55
288dba81-2510-414a-a37f-75ee7f54b669,140.46833,-11.16083,1968.0,49.5,28.01
26ee926b-e0b2-41e2-a4f8-d03a0767e281,139.98528,-15.60236,1968.0,46.5,27.72
957bc6bd-7bb7-4a27-b690-d648745c7f0e,140.3357,-17.32569,1968.0,15.0,26.44
bfb9c88b-34c0-4f80-8df0-d0e151e77339,138.66833,-14.47583,1968.0,63.0,27.9
cdb8c8a1-81ee-4d08-a4e9-177fe98fa3bb,141.22611,-12.77652,1968.0,44.0,27.98
75782578-6cc5-46db-b354-dd7a1f7290dc,133.45084,-7.77583,1968.0,81.0,27.96
a2f7854c-d9ba-419a-895b-a6166f7d1f14,122.04167,-15.075,1973.0,80.0,28.4
882927db-b6c3-4ef3-b74c-e32cd487bdfe,117.96736,-19.97569,1973.0,46.0,26.78
67035aa7-5f15-4d50-a46b-e1a5d9004701,138.86792,-10.15944,1969.0,42.5,27.93
11ad2eb9-d5a6-4b42-999c-308a5c8182a7,127.95112,-12.75069,1968.0,102.5,28.78
9cbee4fe-106b-42fe-b459-f3ff2f44eb14,127.9425,-12.92597,1968.0,100.0,28.76
19c10327-ada2-4ca6-9cf4-bb5514e7c246,138.73403,-11.0025,1968.0,58.0,27.97
f7aa2f8b-3089-42df-969e-d71031e2d592,137.59348,-14.89264,1968.0,52.0,27.73
86f2534c-028e-4097-b6a4-853267165365,138.68472,-13.85069,1968.0,64.0,27.95
8afb1122-fa03-4c5c-b4d0-35a907ff5ad2,141.31806,-12.83514,1968.0,38.5,27.9
c6dcac9f-a29f-46a4-bb9c-793517b205f2,141.26,-12.85944,1968.0,41.0,27.9
2955629a-3dc0-4b14-8db7-6c9e0a9524b0,140.6182,-11.36805,1968.0,59.0,28.08
43a46568-c362-421f-8686-9323468ced10,140.99292,-11.2925,1969.0,40.0,28.01
a0b150e1-6150-41b8-ad35-a887ea2ccd93,139.49347,-10.15861,1969.0,49.0,27.92
c68d85d4-7281-4070-9367-37017e46629f,140.80028,-10.92569,1969.0,42.5,27.87
1809099c-3afe-444f-a59e-5996a6efa62e,113.33361,-23.55139,1971.0,120.0,24.73
4edb3133-3a5d-4fab-8484-2153171e8f7d,139.95847,-14.71889,1969.0,60.0,28.0
b0e65df3-8229-4d2b-87d3-14df1c68ffc0,138.7,-10.88402,1970.0,50.5,27.95
399ec96a-ace9-49a6-95c9-3512927a6070,116.56778,-19.4593,1969.0,92.5,27.05
6b24e2bb-3a8b-4d40-a505-81b6fe3d5459,130.9682,-11.05166,1969.0,29.0,28.4
c208bd55-bc21-4394-92cf-d872872cd4fa,140.0,-11.0175,1969.0,62.0,28.04
00b42c7c-6546-4256-ad65-d2358b98d6db,130.96,-10.98403,1969.0,38.5,28.42
02036091-59cb-426f-b866-1cc1f52cd888,117.51778,-19.44361,1969.0,82.5,27.12
a3770379-6610-4327-aac9-dbe230ef5e21,116.79236,-19.90944,1969.0,66.0,26.76
df7b5f63-e746-4903-b5bb-876e177ffe04,141.175,-11.09208,1969.0,38.0,27.85
9b1cd251-fdf8-416e-b33b-589efad436bf,139.95889,-15.24291,1969.0,46.5,27.89
d9edb8c0-bf06-44a3-a3ca-9bd01c273edb,118.34348,-19.77652,1969.0,40.0,26.8
c4aa92c1-e1c4-4197-8246-08a84060ca4c,141.35945,-12.35931,1969.0,40.0,27.92
839b4a36-cea6-4db6-94ba-0ecfbd30f8a1,119.56792,-19.52569,1969.0,45.0,26.89
66bbc559-4e28-4932-a835-fcffcd5c913e,125.48348,-12.91667,1972.0,84.0,28.6
1fd1b7e6-40ac-4601-82d7-28693733f425,136.59167,-10.55833,1975.0,50.0,27.85
7761b569-7652-4738-bffd-7f059a0eb81a,140.0,-15.39306,1970.0,47.0,27.81
c5ea9ffb-9547-4351-a408-99ccfbeeba47,137.00833,-10.73333,1975.0,55.0,27.82
cec3ace1-f2fc-46c1-9077-5675bae2940b,137.1,-10.75181,1975.0,55.0,27.83
103f1a8c-c130-4e68-bec3-bd26768ce530,123.41806,-13.80083,1972.0,252.5,28.68
e14c216c-443f-47fa-b35a-ce96b2069dea,141.34167,-12.22528,1969.0,44.5,27.93
198baa16-578f-4a4d-aa9b-e66fbb237b9d,141.41778,-12.08333,1969.0,38.5,27.91
baa48b7d-1593-492a-8b8c-9cb5e543dbe5,119.25112,-19.0343,1969.0,87.5,27.24
233a7559-f8e4-4ab7-9dd5-6cd545b3b99b,127.68361,-12.39167,1970.0,116.0,28.81
0492e922-5a9f-474a-b7be-d1ca9d446a63,118.30931,-19.06666,1969.0,92.5,27.27
134deac2-86d0-4a5a-b2c0-755634ad2b0c,116.79292,-19.94263,1969.0,61.0,26.73
7ac95bf2-2a59-42ab-8f7b-d3870dacc8a1,136.88514,-13.14264,1969.0,39.5,27.65
70b0d135-6eab-4196-8a84-fa70cade0572,137.25,-14.15111,1969.0,50.0,27.64
9839b80e-c272-4e90-8bcc-04a805c4a9c7,162.155,11.65,1959.0,0.0,28.54
7b51482b-ddf5-4838-80e7-5ba3c01ac4d8,162.175,11.665,1954.0,0.0,28.53
f1adb804-abc6-4039-834d-76f24e4a2f2f,162.2,11.5,1956.0,0.0,28.55
69262861-52ca-4ebf-b79b-4f3c744461de,162.2,11.5,1956.0,0.0,28.55
bd25b471-f441-4e48-a7e2-4b24697cff83,159.348,-31.79416,2003.0,71.0,21.43
a0cde09b-8e36-4260-84a9-a49eb6ca5131,35.511667,-23.7777,2005.0,7.5,25.62
ef589605-956d-4431-b2a3-b6942a5a6410,72.79,11.21,1975.0,,28.84
ea618731-8c55-4431-9369-79a08eb4a2ea,72.72,11.11,1975.0,,28.83
d675aadb-cba5-40e1-b92e-40c1a55ba728,72.18,11.6,1975.0,,28.82
00f0eb2b-5f89-4739-8808-db4893673327,72.15,10.86,1975.0,,28.77
458a9602-71bd-450a-ad33-a1d5107ddbab,117.8,-19.33,1981.0,91.5,27.18
04da277a-c0fc-425e-8833-14a82cb9a9e2,127.8857326,26.6210259,2010.0,3.0,24.86
24b671aa-4fad-4d27-88e3-179ee9706965,126.9122355,26.3590964,2004.0,,25.46
981a58e1-3783-43ed-8cc6-3ab46f2bb6b5,127.8830744,26.5093946,2007.0,,24.93
b0ac9b26-61ab-422d-873e-b199e3b51955,127.7319924,26.3308886,2007.0,,25.11
f3fa5106-55be-435a-915e-8157c47a5a84,124.175446,24.406421,2004.0,11.0,26.19
00a737d7-f159-476c-a4b5-84cd464c3f67,127.7715697,26.4462804,2008.0,,25.03
5db23e13-8ba7-4c72-81c3-1005e9f6db5b,127.9430874,26.5430494,2009.0,2.0,24.93
5c371e96-14e2-4776-b7a8-608d9bc74760,166.45,-22.2666666667,1959.0,,24.53
8563e929-581c-40c0-841c-ff09c2aea6ff,106.9850006,10.14500046,2006.0,,28.11
30ca5d77-ef84-481d-bb1e-81038f997d27,113.7045,-22.80438,2010.0,18.0,25.07
76485e0a-4ccd-4978-9eca-5157e7dce983,115.150001525879,-8.75,2010.0,,27.64
2d98c921-0b22-4f73-9b71-fc18e5350b77,106.9850006,10.14500046,2006.0,,28.11
2d91c86f-6fd9-4b9f-92e3-cb97d231a500,106.9850006,10.14500046,2006.0,,28.11
72148df1-4990-480c-a9dd-43e54a55d77d,124.3852662,-9.19177439,2013.0,12.25,28.29
d9d11736-9bbc-4f6b-8bd2-9a257be72fbd,125.3294465,-8.58463467,2013.0,12.95,28.45
f38e2827-0ca8-46d6-a518-913d8b07c258,125.6205252,-8.21418196,2013.0,10.5,28.53
0744acb2-b985-48c8-8a01-cc1e53c608d1,126.4412227,-8.42210362,2013.0,16.2,28.44
87777b33-ce4f-446b-a281-578dd1055774,114.88738,-21.48864,2014.0,10.1,25.85
f39a102a-b0c1-4f3e-837d-53a598a16f8f,145.744785,18.093946,2017.0,23.5,28.59
5c40ccf8-25bd-402f-bd9e-5fef07dc0173,145.753687,18.144987,2017.0,14.2,28.59
689273fb-288d-441c-8cf8-cdbd0fa29742,145.81442,15.25888,2009.0,11.0,28.83
185a51e6-eeb0-43fd-877c-a2924e60606b,145.85,-5.16667,1991.0,0.65,28.9
2b2e909f-ca5c-4fb2-b724-7637ef8a6230,113.58333,-28.33333,1965.0,,22.58
352edbbf-13b0-45f8-90f6-7f15b330acfd,116.61667,-20.46667,1971.0,,26.38
e7eb1e54-e69b-434a-be09-812c4d72f5e5,113.66667,-24.88333,1972.0,,
cc7199d2-10c9-4ccd-ac63-9b3f43496031,113.66667,-24.88333,1972.0,,
0cdfb028-c7e4-4a4f-8e1e-1e0b9f94c975,114.96667,-29.95,1974.0,,21.48
db0c8a49-9a9f-4a0f-bd03-0da3e11d6894,113.68333,-28.48333,1977.0,7.5,22.47
a6fbb26a-c052-47d2-a1c4-bf6ab720370e,117.08333,-20.08333,1978.0,22.0,26.63
fe47bbaf-9e65-4153-ad0a-86aa0ce10238,119.41667,-19.11667,1978.0,,27.21
48a9cf3f-dc7c-41d8-b9e1-97067e07fd7e,113.18333,-26.16667,1979.0,,23.18
3b4ed676-99c1-4083-a135-ddf8584ca3c6,113.76667,-28.48333,1982.0,31.5,22.29
ab11c195-e647-49fa-8344-036979f9b54e,122.96667,-12.2,1986.0,16.5,28.64
ace5998d-7fa9-4634-b6fb-797e5c0374b3,96.86667,-12.18333,1989.0,0.8,27.77
97bb564e-abf5-4b18-8ca2-50fc9217043b,35.56645,-23.83775,2005.0,27.5,25.61
51ec462e-6a97-4a01-9cd2-7b139ad02a37,116.67277,-20.525,1999.0,0.15,26.31
095863df-0011-4327-904c-f35e36b9e648,37.90620041,-0.023559101,1992.0,,
6f38beba-7389-4798-a348-4721094b8cf9,80.0,8.0,1951.0,,
4ccb161e-1ae0-442d-ab71-b1f5da091f2b,113.73333,-25.35,1964.0,,22.71
1ddcb255-adb8-454e-90ce-401c90ff3cfc,113.73333,-25.35,1964.0,,22.71
cb00e970-1c3d-48a8-b8cf-2bf8e1be246a,114.25,-22.08333,1958.0,,25.07
54a0f620-dc1a-45d0-9719-c15d9ff9d564,166.291671753,-10.3000001907,1998.0,7.5,29.15
52cb2ac8-430f-4c90-aa61-7b1a13fe496e,73.05,8.269,2001.0,,28.85
9f3933a8-cd66-4f40-af11-01d830518f5c,165.800003052,-10.8249998093,1998.0,15.0,29.12
3c7d235b-c900-4a87-9adf-c46cf86830ce,128.100006104,-3.79999995232,1974.0,1.0,28.35
5b8d2680-1467-44cb-8dca-4318ec8d8614,158.198608398,7.00833320618,1980.0,4.0,29.16
f86481cc-4827-43b2-86f6-c621e2c82b7f,127.683326721,0.883333325386,1981.0,,29.27
d62c14a7-7256-46f6-b271-e987ecbfdd82,113.66064,-22.55396,2010.0,2.0,25.33
15dd1992-19f9-48be-9469-a3c81aa45fa3,120.833343506,21.9166660309,1968.0,6.5,27.25
7359dc3f-f268-41e5-a346-57677dab0f8d,122.099998474,-5.28888893127,1974.0,8.5,28.9
b1f77fa7-a780-4564-8071-2dd9d5b0e6e3,120.39,24.83,2002.0,65.0,23.81
5553cd61-33fb-41db-8db6-ee5055d3c482,179.038,-16.2856667,2002.0,11.0,28.05
7530a0dc-26a7-46f8-9c0f-52c92125f2f4,178.389160156,-18.1441669464,1983.0,,27.1
a64a3d44-9388-4009-b60c-e3d30e6c4bcd,145.395828247,-15.6919441223,1981.0,,26.2
2225f174-e51a-4d0f-9e05-2a2cea48498c,134.539840698,7.26694440842,2004.0,,29.22
8e06703a-6127-4762-9f30-3ae3981e160b,178.385559082,-18.1394443512,1983.0,,27.1
bda45734-52d7-4311-b7b8-d02232601e7a,145.5,-14.6666669846,1981.0,,26.6
88ffed33-bc4d-41f5-9132-7a46c35e5a73,134.575256348,7.35668992996,2004.0,,29.21
e5ee0e7d-5282-4263-9bc8-7a11ab08a908,141.65,-12.75,1986.0,,27.76
23c687e9-84fc-41d9-80e9-7e2e0620dbbe,145.7,-15.75,1969.0,,26.36
ef3e3f5c-9cde-4399-9e32-25c46abf2672,120.25,14.7666666666667,1963.0,,
316ce522-c397-4861-83ed-beecdeb3cfb6,178.5,-18.7000007629,1982.0,40.0,27.05
4a5415d9-48aa-424b-bdbe-07d15a0be1ff,165.791671753,-10.6999998093,1998.0,10.0,29.14
17c0d5a4-8af5-4ab3-907a-1908eac70f82,167.158340454,-9.89999961853,1998.0,0.5,29.26
87fafc91-3eeb-466e-b885-b21199b8632f,168.108337402,-16.5916671753,1996.0,14.0,27.74
a49caeed-f6b2-4696-8d75-4b61657f2c36,145.7,-15.75,1969.0,,26.36
cfdf8017-f845-4687-80ee-508b012a7263,166.399993896,-72.4349975586,1985.0,,
cbbd0da7-115b-4dbe-b228-174398afbc8d,47.0849990845,-25.0349998474,1973.0,65.0,24.64
32c0e155-8a6d-4484-bed0-a7434f32be7f,55.5999984741,-20.8670005798,1982.0,45.0,25.95
84f159cc-6204-4054-89e8-a20aa943f907,34.0,29.0,1980.0,,
5643550e-ca73-4d42-80e2-188d4e487bd2,116.78,20.66,1990.0,,26.65
a6562de3-477f-4c00-bd9d-5cb6a20d34ac,129.26666666666668,28.186666666666667,1989.0,10.0,24.46
a4d01b2a-17e5-4e06-bc27-c734d689ff23,129.26666666666668,28.186666666666667,1991.0,6.0,24.46
b3c0ca1b-bc37-421e-ab89-65ca080fac48,139.49666666666664,34.044999999999995,1973.0,,21.88
35d3f4a4-b5f0-43d1-9c46-e3b33c5a7f13,117.08333333333331,-19.33333333333333,1973.0,73.5,27.13
cb1ce01b-48d8-4330-90b1-28e288fc07bf,115.75,-20.2,1973.0,56.5,26.51
91c15048-db0b-494b-9633-e79da0c8d99d,117.08333333333331,-19.33333333333333,1973.0,73.5,27.13
77ca1f87-ee67-4a54-86eb-a343fe0d1034,115.83333333333331,-20.183333333333334,1972.0,58.0,26.52
0b35a2ee-9a98-4d44-81bb-60395e399bf6,150.79166666666666,-2.591666666666667,1990.0,3.0,29.79
90aaffd8-9a40-4cd8-b80e-3eb4e6f26435,117.08333333333331,-19.33333333333333,1973.0,73.5,27.13
006e9dc8-874d-4328-8ab1-27b3a503818c,115.90833333333336,-20.35,1973.0,43.5,26.31
d6d378d9-774b-46db-8d35-83898f6b868c,116.18333333333334,-19.7,1973.0,76.0,26.95
9e78db1d-4c26-4504-b916-da6f72e758e8,140.32,30.475,1985.0,100.0,23.17
e8c8e433-ac02-40af-9006-d892287ffc50,117.08333333333331,-19.33333333333333,1973.0,73.5,27.13
96ec938e-580b-4d6c-a149-e0dd40adfe1b,130.202,31.336,2009.0,4.0,22.59
6cb40316-7f7b-4675-91d7-89ed64ae3796,130.202,31.336,2009.0,4.0,22.59
26f2cb52-8877-4f0b-acbf-9ee9ce4bf7c2,130.202,31.336,2010.0,4.0,22.59
0fa67c86-b6f1-4820-bf24-66137ad8c090,130.202,31.336,2010.0,4.0,22.59
a86584bb-940c-42f5-81e2-7f6263c21d78,116.733,20.717,1990.0,7.0,26.62
3bc27dc3-4cd4-474d-8032-38b17dc62c2b,116.733,20.717,1990.0,7.0,26.62
c4e96172-b436-410c-a1dd-6a0884d5e2e5,116.733,20.717,1990.0,9.0,26.62
fbcc382e-39dd-46a6-9a03-a049d723690a,116.733,20.717,1990.0,2.0,26.62
93f2db1e-1374-411b-ab9f-1b665901ebb7,114.361,10.381,1994.0,20.5,28.62
5486c900-8dbf-48a5-b6ff-425dde09e306,114.371,10.376,1994.0,7.5,28.62
2fb221c6-fb69-4c1e-8ec5-4caa5374f239,37.90620041,-0.023559101,1992.0,,
552039c9-97f5-4f72-85ff-ff7969b47430,126.3751583,33.20853889,2020.0,,19.88
7456a58a-da11-4360-b9ae-95e4f3d5d91f,32.776151,-27.277538,1976.0,,24.69
684bcd6e-d8c2-4290-958a-56edeb1d8b31,134.295,7.0475,1955.0,1.6749999999999998,29.22
1f2ea23b-9e70-49ee-ab18-0548fd1f5194,138.160278,9.508056,1960.0,0.915,29.15
0ea9c59b-69ed-44b4-9297-b56ba41797ac,144.751111,13.478333,1959.0,1.525,28.93
f74cbbca-dfae-4266-af53-3d9dd8081ade,108.958333,10.4875,1960.0,3.5,27.74
22468066-3322-4335-a2a9-4c7973515903,122.228201,-8.610203,1987.0,11.43,28.63
b442a94f-6270-42e2-873c-9e5c28436f11,125.47533,-8.56325,2012.0,,28.49
ac493d91-bb17-4aa2-b9aa-a859f451550c,125.76636,-8.50691,2012.0,,28.45
d8ef28a7-9e27-43a5-8aac-73cf35116e01,151.3,-33.75,1973.0,,20.37
d7996441-83ad-46ad-853e-033325f6b73a,151.283,-33.816,1973.0,,20.37
5cbf4749-a5f9-4bc8-910c-064d822f9469,151.283,-33.883,1952.0,,20.41
29805932-599a-4a9d-a066-c6a091d9510f,151.266,-33.833,1974.0,,20.37
6907b63d-3240-4a73-9b3a-ad9093e994f9,147.083,-9.5,1970.0,,27.53
3b168b9c-b695-4489-9f5f-553a4a7a2c66,152.75,-25.833,1973.0,,
e0460064-3032-459f-b481-62d9b2b49907,153.633,-28.39166,1991.0,,23.35
828b71bd-75f4-413c-8fed-153c5f3b63a0,165.833,-10.82499,1998.0,,29.12
79e8f8d5-53ec-49da-9ace-5011816482d5,152.98444,-21.91804,1995.0,,25.34
2ac1a1a6-c028-43f2-ba65-ac41a9bb77f6,167.09166,-9.866,1998.0,,29.26
2fe4a4e8-2463-400f-a9fb-6cb7892b073c,151.266,-33.85,1962.0,,20.41
40ddc36e-55a8-4a38-a561-cd383a650522,121.0165,12.19349,2000.0,,28.53
e9cb7080-8010-4db6-aaf8-0bacb40fa43c,145.45,-14.633,1975.0,,26.52
2b79cb8c-11e9-4a3d-bc99-0ae22029bd4a,151.266,-33.85,1976.0,,20.41
58529617-4dcb-4809-915d-675e19312bf7,153.366,-29.416,2003.0,,22.34
47111516-737c-4e69-bbc0-40cd63b0785c,121.916,-14.166,1979.0,,28.69
3717effb-573f-4fa6-9945-310f6cba78a7,159.01999,-29.95333,1987.0,,22.15
acf6fdad-a5d1-41fa-9b75-920f1458d475,159.083,-29.46333,1987.0,,22.23
df94a3ea-9cce-4abc-bc0a-5d9e485ffc74,159.04666,-29.91333,1987.0,,22.16
8c589c9e-9153-4539-a1e4-14d62a8b5617,159.04666,-29.96166,1987.0,,22.15
31fa5594-72bb-45f7-b902-64229616f977,151.25583,-33.84133,2001.0,,20.41
3e465f97-3a84-487f-91ca-eb33194a0b14,153.57632,-28.3615,2002.0,,
62e9d2b6-28bc-447d-b3ce-93ae39b8bf89,153.033,-30.8,1991.0,31.0,22.59
0d78276b-ec3f-4f0d-900d-59703018b6bf,153.667,-28.4,1991.0,50.0,23.57
68fa0dcf-e9db-4e58-9444-3eccb4fef9d3,153.383,-29.367,1995.0,29.0,22.34
7bc5ca00-3cd5-40ad-96e4-2550a95112a2,151.7,-33.167,1995.0,58.0,20.48
df285df7-0305-4ad4-8721-c6ad42118dd1,153.4,-29.35,1995.0,33.0,22.34
3148cbba-5af3-45e0-ba63-b8df2f882a86,143.70978,-10.2875,2021.0,6.5,27.3
67bf009e-697a-47f7-9c69-5727c9befb7e,145.467,-14.667,1977.0,,26.45
76e10ada-5640-4ecd-b889-07d906775390,121.433,-16.533,1985.0,,27.97
c0f447c0-2282-432f-8e60-e8e89344d9f4,129.315,-10.117,1995.0,,28.49
420e5420-64aa-47df-8ff2-cc2934c091ec,148.03333,-18.83333,1983.0,,26.18
5e817946-238b-4287-a3d9-4bfb8b951bd0,117.5425,-19.85028,1970.0,55.5,26.82
eb19f5a7-46de-4018-8682-a6206cfc5c26,124.252,24.3567,1987.0,,26.2
d483b107-b823-4275-a81f-c5f7c4caa2af,39.25,-6.66667,1971.0,,27.44
af63451c-eb4a-4e0d-88ad-6ff5f383cc20,39.25,-6.66667,1971.0,,27.44
6c6777f2-9932-4a66-a167-2572f4821011,39.25,-6.86667,1970.0,,
23cb4a47-5593-45ce-a6b5-c13aa0d73955,39.3333,-6.86667,1970.0,,
5ea2cf6e-190f-4c96-ab1f-3951d20a99b6,43.2572,-11.6506,1973.0,,
8388851b-885e-4b6e-9843-86aef5e07f44,119.967,15.25,1986.0,,28.92
a05e57f0-23b8-4982-8e98-32ffaf608198,124.256,24.38,1987.0,,26.2
912483e7-2c5c-4013-b046-864ca2df39b1,134.518333,7.286667,1957.0,0.61,29.22
a9db4270-30e6-48e3-a156-5b31ee67b542,144.454167,7.248611,1953.0,7.62,29.32
c7367240-586a-4d36-9c7c-401088e2e841,144.45,7.250556,1953.0,1.22,29.31
e19e62e5-7fde-4b9b-b532-50610ef83dd7,124.001667,10.285833,1978.0,15.25,28.82
1a72a2f5-eef9-4704-887b-ba5b4d0f9e6a,167.0,10.0,1971.0,1.98,28.52
2a2e9f95-711a-47fb-8435-047b82c27572,120.8269,13.6882,2014.0,24.385,28.25
2941093c-5e03-456a-8fb7-9b0be9e29052,120.82691,13.68819,2014.0,24.385,28.25
53c2171e-2215-4613-9682-decde773fec8,108.958333,10.4875,1960.0,3.5,27.74
0fbf70c3-1e7c-4508-a4d8-137b71df8c5c,160.62521,-8.885548,1985.0,3.05,29.46
b76a5fdb-0d99-47b3-9346-c90ddb0d6019,160.62521,-8.885548,1985.0,10.67,29.46
6f4566e5-64df-45b0-86c8-812c60504f76,134.493611,7.32,1955.0,0.455,29.21
a43a3009-508c-4237-b5d1-a1383d87cb0e,134.579722,7.345833,1955.0,,29.21
03b93b94-4c19-4f15-8571-0587a931b5d8,134.579444,7.343333,1955.0,,29.21
4a406e24-d14f-454a-975d-4f743e75a1fa,134.638889,7.577222,1955.0,,29.2
e6311a3b-4f85-4238-a842-aae6514b6672,134.5025,7.315833,1955.0,2.5900000000000003,29.22
829c9764-9b29-432b-b874-088854a1c865,134.518889,7.483889,1955.0,1.525,29.21
43468519-4323-466a-970e-73b5b26f4337,138.15,9.498056,1956.0,1.525,29.16
8dedce22-8c14-4d92-8355-4e5f2f380900,138.072222,9.523611,1956.0,1.83,29.15
5119a92c-cf45-4272-afcf-1bb31b78a635,134.288611,7.044722,1956.0,1.22,29.22
89bf2ac1-1ac7-4421-bc3b-29f6b1a3c15a,134.518333,7.286944,1957.0,1.22,29.22
eda8a5db-8782-478d-92bb-f365a7cf6bc9,144.450278,7.253056,1953.0,0.91,29.31
c994f171-162d-4a91-b3ca-b8a26fadfd10,144.450278,7.251389,1953.0,3.66,29.31
dd6ac7f8-2a61-4bee-9515-e37512d74e97,116.730556,20.611111,1958.0,6.1,26.65
d11bcf8d-d12f-4e7f-a714-13650dd13d18,138.105556,9.458889,1959.0,0.915,29.16
5e684dc1-9c63-4905-bbed-ab77ef9e3c65,138.156667,9.575833,1959.0,0.915,29.15
b71c8c58-8fe6-4169-9887-9145e0f328cc,134.488889,7.297778,1955.0,1.83,29.21
6c511768-364a-4487-9e80-0c675cbd2cae,152.151667,-4.220556,1965.0,1.525,29.6
f013d451-b674-484b-b7e5-46b6b0f03f43,145.797978,-5.22119,1970.0,0.455,28.9
d849c1d0-61e8-43a3-8cc7-c55b9486dd78,151.075728,-8.646468,1970.0,,28.62
1eb533b3-7f26-4146-92f4-ef24f105acbf,120.907683,13.512533,2015.0,23.625,28.25
6d16226f-5df8-4ab9-a18a-40edf39716c1,178.400333,-18.163933,2002.0,8.075,27.1
a2852039-9a31-4316-8b59-e3af4e9f2e1e,121.066633,13.563917,2015.0,12.04,28.23
199f24e6-2822-434d-a52d-fde4613ff351,121.04245,13.56725,2015.0,17.525,28.23
3c4f4059-b165-46f1-8b11-7363508312e2,152.25343,-23.75777,2009.0,37.0,24.29
d937b384-5c5a-4a36-a303-757bd860fd21,152.59031,-21.96437,2009.0,43.0,25.11
c769a966-609c-451b-97fe-46de600e252f,151.67866,-22.83447,2007.0,24.0,24.44
04fcdc84-899e-45fd-8735-ede4c49103d9,145.455,-14.6947,2017.0,,26.45
776e6736-438f-4471-8daf-8e3ad49b40a1,145.453,-14.6601,2015.0,,26.52
8873a309-bdc1-4962-85e2-31287972a386,145.582,-14.6648,2012.0,,26.58
43e874eb-e4b7-4104-9c13-e39f789732c1,145.47501,-14.6626,2012.0,,26.52
98d1617e-eb28-4bfa-831d-be892cd7b084,145.448,-14.683,2015.0,,26.45
43bc9a1f-8e3c-4d99-9413-13331fc21d9e,145.46899,-14.6926,2010.0,,26.45
37604920-c21d-4d16-b4ea-49c8752a76ff,145.506,-14.7449,2008.0,,26.6
8f2dd461-dae9-49d7-8c1c-9b4b3902bbf9,145.466,-14.6876,2015.0,,26.45
5ecc667c-e8fa-4086-be5d-719816e5ef50,145.44299,-14.6775,2015.0,,26.45
240c9cb8-ec5b-44ae-a19e-4686c8861607,145.451,-14.662,2012.0,,26.52
54f717a3-97b9-4ed2-b5d5-b882dde9ff6a,145.446,-14.6639,2017.0,,26.52
0a852360-1891-4007-9918-e5799f1eaaf4,145.448,-14.651,2012.0,,26.52
0e1c75f5-085c-4f3b-9246-d4546194f827,145.463,-14.6833,2015.0,,26.45
57ff29d8-0e88-4a2d-b113-e037c72f2fbe,145.45399,-14.6454,2015.0,,26.52
ba6d8b8e-27fb-4bac-bf05-204fbb79751d,145.47099,-14.6587,2015.0,,26.52
